cust_email,first_name,last_name,passwd,street,city,state_province,country,zip_code,phone_number,passport_num,passport_expiration,passport_country,dob,car_id,rent_date,return_date,purchase_date,date,rating,comments,rate_per_day,card_number,card_holder,card_type,card_expiration,cvv_code,company_id,brand,type,color,car_age,base_price,name,company_city,company_state,company_country,company_zip_code
max.cole@example.com,max,cole,passwd1,9 Mendota Crossing,Osaka,Osaka,Japan,54183,576-852-9347,TB6221142,6/16/2028,USA,5/1/1961,CAR001,9/13/2019 14:53:25,9/20/2019 15:59:00,8/25/2019 17:23:22,10/5/2019 12:53:25,5,Amazing Experience,300,4929747189573571,Max Cole,Credit,12/1/2025,123,REN001,Toyota,Sedan,Blue,1.5,50,BestRental,Brooklyn,New York,USA,10021
max.cole@example.com,max,cole,passwd1,9 Mendota Crossing,Osaka,Osaka,Japan,54183,576-852-9347,TB6221142,6/16/2028,USA,5/1/1961,CAR002,5/23/2020 18:23:22,6/2/2020 9:23:45,5/1/2020 19:23:22,6/20/2020 10:32:35,4,Good overall.,350,4929747189573571,Max Cole,Credit,12/1/2025,123,REN001,Honda,SUV,Red,2,70,BestRental,Brooklyn,New York,USA,10021
max.cole@example.com,max,cole,passwd1,9 Mendota Crossing,Osaka,Osaka,Japan,54183,576-852-9347,TB6221142,6/16/2028,USA,5/1/1961,CAR003,8/8/2020 19:32:12,8/18/2020 12:35:10,7/2/2020 15:34:56,9/12/2020 15:39:20,5,Amazing Experience,200,4929747189573571,Max Cole,Credit,12/1/2025,123,REN002,Ford,Truck,Black,1.8,80,USARental,Manhattan,New York,USA,10018
max.cole@example.com,max,cole,passwd1,9 Mendota Crossing,Osaka,Osaka,Japan,54183,576-852-9347,TB6221142,6/16/2028,USA,5/1/1961,CAR004,9/12/2020 20:22:12,9/18/2020 13:35:10,3/2/2020 15:34:56,9/22/2020 19:40:20,3,Car is not clean,250,4929747189573571,Max Cole,Credit,12/1/2025,123,REN002,Chevrolet,Convertible,Yellow,1.2,100,USARental,Manhattan,New York,USA,10018
max.cole@example.com,max,cole,passwd1,9 Mendota Crossing,Osaka,Osaka,Japan,54183,576-852-9347,TB6221142,6/16/2028,USA,5/1/1961,CAR005,9/21/2021 9:52:12,9/28/2021 15:36:10,9/2/2021 15:34:56,10/25/2021 8:25:20,5,Amazing Experience,300,4929747189573571,Max Cole,Credit,12/1/2025,123,REN003,Nissan,Sedan,Silver,1.7,60,Expedia,Los Angeles,California,USA,10098
max.cole@example.com,max,cole,passwd1,9 Mendota Crossing,Osaka,Osaka,Japan,54183,576-852-9347,TB6221142,6/16/2028,USA,5/1/1961,CAR006,9/19/2022 16:35:12,9/23/2022 16:55:10,8/2/2022 15:34:56,10/22/2022 15:39:20,5,Amazing Experience,400,4929747189573571,Max Cole,Credit,12/1/2025,123,REN003,BMW,Coupe,White,1,120,Expedia,Los Angeles,California,USA,10098
max.cole@example.com,max,cole,passwd1,9 Mendota Crossing,Osaka,Osaka,Japan,54183,576-852-9347,TB6221142,6/16/2028,USA,5/1/1961,CAR007,1/25/2023 5:52:12,2/3/2023 10:28:10,1/2/2023 9:54:56,3/22/2023 19:26:35,4,Good overall.,350,4929747189573571,Max Cole,Credit,12/1/2025,123,REN001,Toyota,Sedan,Gray,1.6,50,BestRental,Brooklyn,New York,USA,10021
max.cole@example.com,max,cole,passwd1,9 Mendota Crossing,Osaka,Osaka,Japan,54183,576-852-9347,TB6221142,6/16/2028,USA,5/1/1961,CAR008,6/26/2023 12:00:00,7/2/2023 14:00:00,3/9/2023 15:32:35,,,,350,4929747189573571,Max Cole,Credit,12/1/2025,123,REN002,Ford,SUV,White,1.5,80,USARental,Manhattan,New York,USA,10018
max.cole@example.com,max,cole,passwd1,9 Mendota Crossing,Osaka,Osaka,Japan,54183,576-852-9347,TB6221142,6/16/2028,USA,5/1/1961,CAR009,9/15/2023 12:00:00,9/25/2023 14:00:00,3/15/2023 3:32:35,,,,300,4929747189573571,Max Cole,Credit,12/1/2025,123,REN003,Honda,Sedan,Blue,1.9,60,Expedia,Los Angeles,California,USA,10098
emily.brown@example.com,emily,brown,passwd2,7476 Silcon Alley,San Francisco,CA,USA,11154,940-438-3700,BV2984197,4/29/2026,Indonesia,9/24/1950,CAR010,4/13/2019 15:06:00,4/18/2019 8:25:00,2/15/2019 3:25:00,5/15/2019 3:25:30,5,Clean and well-maintained car.,400,4929747189573571,Max Cole,Credit,12/1/2025,123,REN001,Nissan,SUV,Black,2.2,70,BestRental,Brooklyn,New York,USA,10021
emily.brown@example.com,emily,brown,passwd2,7476 Silcon Alley,San Francisco,CA,USA,11154,940-438-3700,BV2984197,4/29/2026,Indonesia,9/24/1950,CAR011,4/13/2020 15:06:00,4/18/2020 8:25:00,2/15/2020 3:25:00,6/25/2020 14:52:35,1,Long wait time for pick-up.,250,5293541090325769,Emily Brown,Debit,10/1/2024,234,REN002,Chevrolet,Truck,Red,1.3,90,USARental,Manhattan,New York,USA,10018
emily.brown@example.com,emily,brown,passwd2,7476 Silcon Alley,San Francisco,CA,USA,11154,940-438-3700,BV2984197,4/29/2026,Indonesia,9/24/1950,CAR012,4/13/2021 15:06:00,4/18/2021 8:25:00,2/15/2021 3:25:00,5/15/2021 3:25:30,5,Excellent service and car quality.,300,5293541090325769,Emily Brown,Debit,10/1/2024,234,REN003,BMW,Sedan,Silver,1.2,100,Expedia,Los Angeles,California,USA,10098
emily.brown@example.com,emily,brown,passwd2,7476 Silcon Alley,San Francisco,CA,USA,11154,940-438-3700,BV2984197,4/29/2026,Indonesia,9/24/1950,CAR013,6/15/2019 15:06:00,6/18/2019 8:25:00,2/15/2019 3:25:00,7/15/2019 15:23:23,4,Car smelled strongly of cigarette smoke.,200,5293541090325769,Emily Brown,Debit,10/1/2024,234,REN001,Ford,Sedan,Blue,1.4,50,BestRental,Brooklyn,New York,USA,10021
emily.brown@example.com,emily,brown,passwd2,7476 Silcon Alley,San Francisco,CA,USA,11154,940-438-3700,BV2984197,4/29/2026,Indonesia,9/24/1950,CAR014,7/16/2020 15:06:00,7/18/2020 8:25:00,2/15/2020 3:25:00,8/15/2020 12:23:23,4,Car was not ready on time.,250,5293541090325769,Emily Brown,Debit,10/1/2024,234,REN001,Toyota,SUV,Silver,2.5,70,BestRental,Brooklyn,New York,USA,10021
emily.brown@example.com,emily,brown,passwd2,7476 Silcon Alley,San Francisco,CA,USA,11154,940-438-3700,BV2984197,4/29/2026,Indonesia,9/24/1950,CAR015,9/13/2021 15:06:00,9/18/2021 8:25:00,2/15/2021 3:25:00,9/29/2021 15:29:23,4,Great value for the price.,200,5293541090325769,Emily Brown,Debit,10/1/2024,234,REN002,Honda,Coupe,Black,1.8,80,USARental,Manhattan,New York,USA,10018
emily.brown@example.com,emily,brown,passwd2,7476 Silcon Alley,San Francisco,CA,USA,11154,940-438-3700,BV2984197,4/29/2026,Indonesia,9/24/1950,CAR016,11/13/2019 15:06:00,11/18/2019 8:25:00,2/15/2019 3:25:00,7/15/2020 12:25:56,1,Helpful and friendly staff.,200,5293541090325769,Emily Brown,Debit,10/1/2024,234,REN002,Chevrolet,Sedan,White,1.9,60,USARental,Manhattan,New York,USA,10018
emily.brown@example.com,emily,brown,passwd2,7476 Silcon Alley,San Francisco,CA,USA,11154,940-438-3700,BV2984197,4/29/2026,Indonesia,9/24/1950,CAR017,6/13/2020 15:06:00,6/18/2020 8:25:00,2/15/2020 3:25:00,9/23/2020 19:20:25,2,Car had some scratches and dents.,183,5293541090325769,Emily Brown,Debit,10/1/2024,234,REN003,Nissan,Truck,Gray,2.1,90,Expedia,Los Angeles,California,USA,10098
emily.brown@example.com,emily,brown,passwd2,7476 Silcon Alley,San Francisco,CA,USA,11154,940-438-3700,BV2984197,4/29/2026,Indonesia,9/24/1950,CAR018,8/13/2021 15:06:00,8/18/2021 8:25:00,2/15/2021 3:25:00,08/29/2022 15:32:35,2,Smooth and easy rental process.,169,5293541090325769,Emily Brown,Debit,10/1/2024,234,REN003,BMW,SUV,Red,1.5,110,Expedia,Los Angeles,California,USA,10098
will.harris@example.com,will,harris,passwd3,441 Lawn Plaza,Stanford,CA,USA,12235,384-846-0025,KY6426652,2/23/2026,Zambia,4/10/1988,CAR019,4/13/2019 15:06:00,4/18/2019 8:25:00,2/15/2019 3:25:00,5/15/2019 3:25:30,2,Good selection of cars.,155,4171816016480653,Will Harris,Credit,1/1/2026,345,REN001,Ford,Coupe,Yellow,1.1,100,BestRental,Brooklyn,New York,USA,10021
will.harris@example.com,will,harris,passwd3,441 Lawn Plaza,Stanford,CA,USA,12235,384-846-0025,KY6426652,2/23/2026,Zambia,4/10/1988,CAR020,4/13/2020 15:06:00,4/18/2020 8:25:00,2/15/2020 3:25:00,6/25/2020 14:52:35,1,Car was not clean upon pick-up.,190,4171816016480653,Will Harris,Credit,1/1/2026,345,REN002,Toyota,Sedan,Black,2.3,50,USARental,Manhattan,New York,USA,10018
will.harris@example.com,will,harris,passwd3,441 Lawn Plaza,Stanford,CA,USA,12235,384-846-0025,KY6426652,2/23/2026,Zambia,4/10/1988,CAR021,4/13/2021 15:06:00,4/18/2021 8:25:00,2/15/2021 3:25:00,5/15/2021 3:25:30,5,Quick and efficient drop-off process.,135,4171816016480653,Will Harris,Credit,1/1/2026,345,REN003,Mazda,Sedan,Goldenrod,23,135,Expedia,Los Angeles,California,USA,10098
will.harris@example.com,will,harris,passwd3,441 Lawn Plaza,Stanford,CA,USA,12235,384-846-0025,KY6426652,2/23/2026,Zambia,4/10/1988,CAR022,6/15/2019 15:06:00,6/18/2019 8:25:00,2/15/2019 3:25:00,7/15/2019 15:23:23,5,Car had low fuel upon pick-up.,190,4171816016480653,Will Harris,Credit,1/1/2026,345,REN001,Chevrolet,SUV,Mauv,18,190,BestRental,Brooklyn,New York,USA,10021
will.harris@example.com,will,harris,passwd3,441 Lawn Plaza,Stanford,CA,USA,12235,384-846-0025,KY6426652,2/23/2026,Zambia,4/10/1988,CAR023,7/16/2020 15:06:00,7/18/2020 8:25:00,2/15/2020 3:25:00,8/15/2020 12:23:23,4,Good rental experience overall.,35,4171816016480653,Will Harris,Credit,1/1/2026,345,REN002,BMW,Truck,Blue,17,35,USARental,Manhattan,New York,USA,10018
will.harris@example.com,will,harris,passwd3,441 Lawn Plaza,Stanford,CA,USA,12235,384-846-0025,KY6426652,2/23/2026,Zambia,4/10/1988,CAR024,9/13/2021 15:06:00,9/18/2021 8:25:00,2/15/2021 3:25:00,9/29/2021 15:29:23,5,Friendly and helpful staff.,75,4171816016480653,Will Harris,Credit,1/1/2026,345,REN003,Mazda,Convertible,Crimson,21,75,Expedia,Los Angeles,California,USA,10098
will.harris@example.com,will,harris,passwd3,441 Lawn Plaza,Stanford,CA,USA,12235,384-846-0025,KY6426652,2/23/2026,Zambia,4/10/1988,CAR025,11/13/2019 15:06:00,11/18/2019 8:25:00,2/15/2019 3:25:00,7/15/2020 12:25:56,3,Car had some cosmetic damage.,47,4171816016480653,Will Harris,Credit,1/1/2026,345,REN001,Pontiac,Sedan,Turquoise,56,47,BestRental,Brooklyn,New York,USA,10021
will.harris@example.com,will,harris,passwd3,441 Lawn Plaza,Stanford,CA,USA,12235,384-846-0025,KY6426652,2/23/2026,Zambia,4/10/1988,CAR026,6/13/2020 15:06:00,6/18/2020 8:25:00,2/15/2020 3:25:00,9/23/2020 19:20:25,3,Reasonable prices and good customer service.,58,4171816016480653,Will Harris,Credit,1/1/2026,345,REN001,Volkswagen,Coupe,Orange,22,58,BestRental,Brooklyn,New York,USA,10021
will.harris@example.com,will,harris,passwd3,441 Lawn Plaza,Stanford,CA,USA,12235,384-846-0025,KY6426652,2/23/2026,Zambia,4/10/1988,CAR027,8/13/2021 15:06:00,8/18/2021 8:25:00,2/15/2021 3:25:00,08/29/2022 15:32:35,1,Good experience overall.,42,4171816016480653,Will Harris,Credit,1/1/2026,345,REN002,Isuzu,Sedan,Blue,20,42,USARental,Manhattan,New York,USA,10018
will.harris@example.com,will,harris,passwd3,441 Lawn Plaza,Stanford,CA,USA,12235,384-846-0025,KY6426652,2/23/2026,Zambia,4/10/1988,CAR028,07/23/2023 14:00:00,07/26/2023 12:00:00,03/25/2023 15:06:25,,,,117,4171816016480653,Will Harris,Credit,1/1/2026,345,REN002,Toyota,SUV,Yellow,15,117,USARental,Manhattan,New York,USA,10018
will.harris@example.com,will,harris,passwd3,441 Lawn Plaza,Stanford,CA,USA,12235,384-846-0025,KY6426652,2/23/2026,Zambia,4/10/1988,CAR029,09/19/2023 14:00:00,09/23/2023 14:00:00,02/23/2023 14:00:00,,,,102,4171816016480653,Will Harris,Credit,1/1/2026,345,REN003,Honda,Sedan,Violet,21,102,Expedia,Los Angeles,California,USA,10098
laura.lee@example.com,laura,lee,passwd4,17031 Warrior Junction,Shanghai,,China,200085,289-746-1980,BP7496594,3/3/2029,Belarus,1/10/1994,CAR030,4/13/2019 15:06:00,4/18/2019 8:25:00,2/15/2019 3:25:00,5/15/2019 3:25:30,5,affordable rates,49,4909632441114116,Laura Lee,Credit,11/1/2026,456,REN003,Ford,SUV,Pink,25,49,Expedia,Los Angeles,California,USA,10098
laura.lee@example.com,laura,lee,passwd4,17031 Warrior Junction,Shanghai,,China,200085,289-746-1980,BP7496594,3/3/2029,Belarus,1/10/1994,CAR031,4/13/2020 15:06:00,4/18/2020 8:25:00,2/15/2020 3:25:00,6/25/2020 14:52:35,2,comfortable and spacious interiors,75,4909632441114116,Laura Lee,Credit,11/1/2026,456,REN001,Chevrolet,Truck,Goldenrod,19,75,BestRental,Brooklyn,New York,USA,10021
laura.lee@example.com,laura,lee,passwd4,17031 Warrior Junction,Shanghai,,China,200085,289-746-1980,BP7496594,3/3/2029,Belarus,1/10/1994,CAR032,4/13/2021 15:06:00,4/18/2021 8:25:00,2/15/2021 3:25:00,5/15/2021 3:25:30,4,transparent pricing,35,4909632441114116,Laura Lee,Credit,11/1/2026,456,REN002,Nissan,Sedan,Blue,21,35,USARental,Manhattan,New York,USA,10018
laura.lee@example.com,laura,lee,passwd4,17031 Warrior Junction,Shanghai,,China,200085,289-746-1980,BP7496594,3/3/2029,Belarus,1/10/1994,CAR033,6/15/2019 15:06:00,6/18/2019 8:25:00,2/15/2019 3:25:00,7/15/2019 15:23:23,1,affordable rates,88,4909632441114116,Laura Lee,Credit,11/1/2026,456,REN003,BMW,Sedan,Mauv,31,88,Expedia,Los Angeles,California,USA,10098
laura.lee@example.com,laura,lee,passwd4,17031 Warrior Junction,Shanghai,,China,200085,289-746-1980,BP7496594,3/3/2029,Belarus,1/10/1994,CAR034,7/16/2020 15:06:00,7/18/2020 8:25:00,2/15/2020 3:25:00,8/15/2020 12:23:23,4,24/7 roadside assistance,42,4909632441114116,Laura Lee,Credit,11/1/2026,456,REN001,Toyota,SUV,Green,12,42,BestRental,Brooklyn,New York,USA,10021
laura.lee@example.com,laura,lee,passwd4,17031 Warrior Junction,Shanghai,,China,200085,289-746-1980,BP7496594,3/3/2029,Belarus,1/10/1994,CAR035,9/13/2021 15:06:00,9/18/2021 8:25:00,2/15/2021 3:25:00,9/29/2021 15:29:23,2,transparent pricing,42,4909632441114116,Laura Lee,Credit,11/1/2026,456,REN002,Ford,Coupe,Blue,14,42,USARental,Manhattan,New York,USA,10018
laura.lee@example.com,laura,lee,passwd4,17031 Warrior Junction,Shanghai,,China,200085,289-746-1980,BP7496594,3/3/2029,Belarus,1/10/1994,CAR036,11/13/2019 15:06:00,11/18/2019 8:25:00,2/15/2019 3:25:00,7/15/2020 12:25:56,3,flexible rental terms,65,4909632441114116,Laura Lee,Credit,11/1/2026,456,REN003,Honda,Sedan,Blue,19,65,Expedia,Los Angeles,California,USA,10098
laura.lee@example.com,laura,lee,passwd4,17031 Warrior Junction,Shanghai,,China,200085,289-746-1980,BP7496594,3/3/2029,Belarus,1/10/1994,CAR037,6/13/2020 15:06:00,6/18/2020 8:25:00,2/15/2020 3:25:00,9/23/2020 19:20:25,4,reliable GPS navigation,42,4909632441114116,Laura Lee,Credit,11/1/2026,456,REN001,Nissan,Truck,Indigo,17,42,BestRental,Brooklyn,New York,USA,10021
laura.lee@example.com,laura,lee,passwd4,17031 Warrior Junction,Shanghai,,China,200085,289-746-1980,BP7496594,3/3/2029,Belarus,1/10/1994,CAR038,8/13/2021 15:06:00,8/18/2021 8:25:00,2/15/2021 3:25:00,08/29/2022 15:32:35,2,well-equipped cars,116,4909632441114116,Laura Lee,Credit,11/1/2026,456,REN001,Chevrolet,SUV,Crimson,21,116,BestRental,Brooklyn,New York,USA,10021
laura.lee@example.com,laura,lee,passwd4,17031 Warrior Junction,Shanghai,,China,200085,289-746-1980,BP7496594,3/3/2029,Belarus,1/10/1994,CAR039,07/23/2023 14:00:00,07/26/2023 12:00:00,03/25/2023 15:06:25,,,,119,4909632441114116,Laura Lee,Credit,11/1/2026,456,REN002,BMW,Coupe,Green,30,119,USARental,Manhattan,New York,USA,10018
laura.lee@example.com,laura,lee,passwd4,17031 Warrior Junction,Shanghai,,China,200085,289-746-1980,BP7496594,3/3/2029,Belarus,1/10/1994,CAR040,09/19/2023 14:00:00,09/23/2023 14:00:00,02/23/2023 14:00:00,,,,80,4909632441114116,Laura Lee,Credit,11/1/2026,456,REN002,Ford,Sedan,Blue,24,80,USARental,Manhattan,New York,USA,10018
tyler.young@example.com,tyler,young,passwd5,2894 Chive Parkway,Hangzhou,Zhejiang,China,200097,795-747-2573,KO2755707,7/27/2027,Poland,10/16/1959,CAR041,4/13/2019 15:06:00,4/18/2019 8:25:00,2/15/2019 3:25:00,5/15/2019 3:25:30,4,reliable GPS navigation,97,5385941661114851,Tyler Young,Debit,2024-06-01,567,REN003,Toyota,Sedan,Green,12,97,Expedia,Los Angeles,California,USA,10098
tyler.young@example.com,tyler,young,passwd5,2894 Chive Parkway,Hangzhou,Zhejiang,China,200097,795-747-2573,KO2755707,7/27/2027,Poland,10/16/1959,CAR042,4/13/2020 15:06:00,4/18/2020 8:25:00,2/15/2020 3:25:00,6/25/2020 14:52:35,1,well-equipped cars,41,5385941661114851,Tyler Young,Debit,2024-06-01,567,REN003,Honda,SUV,Indigo,32,41,Expedia,Los Angeles,California,USA,10098
tyler.young@example.com,tyler,young,passwd5,2894 Chive Parkway,Hangzhou,Zhejiang,China,200097,795-747-2573,KO2755707,7/27/2027,Poland,10/16/1959,CAR043,4/13/2021 15:06:00,4/18/2021 8:25:00,2/15/2021 3:25:00,5/15/2021 3:25:30,1,clean and well-maintained vehicles,171,5385941661114851,Tyler Young,Debit,2024-06-01,567,REN001,Chevrolet,Truck,Mauv,30,171,BestRental,Brooklyn,New York,USA,10021
tyler.young@example.com,tyler,young,passwd5,2894 Chive Parkway,Hangzhou,Zhejiang,China,200097,795-747-2573,KO2755707,7/27/2027,Poland,10/16/1959,CAR044,6/15/2019 15:06:00,6/18/2019 8:25:00,2/15/2019 3:25:00,7/15/2019 15:23:23,3,affordable rates,50,5385941661114851,Tyler Young,Debit,2024-06-01,567,REN002,Nissan,Convertible,Khaki,16,50,USARental,Manhattan,New York,USA,10018
tyler.young@example.com,tyler,young,passwd5,2894 Chive Parkway,Hangzhou,Zhejiang,China,200097,795-747-2573,KO2755707,7/27/2027,Poland,10/16/1959,CAR045,7/16/2020 15:06:00,7/18/2020 8:25:00,2/15/2020 3:25:00,8/15/2020 12:23:23,1,user-friendly website,49,5385941661114851,Tyler Young,Debit,2024-06-01,567,REN003,BMW,Sedan,Fuscia,27,49,Expedia,Los Angeles,California,USA,10098
tyler.young@example.com,tyler,young,passwd5,2894 Chive Parkway,Hangzhou,Zhejiang,China,200097,795-747-2573,KO2755707,7/27/2027,Poland,10/16/1959,CAR046,9/13/2021 15:06:00,9/18/2021 8:25:00,2/15/2021 3:25:00,9/29/2021 15:29:23,1,quick and efficient check-in,39,5385941661114851,Tyler Young,Debit,2024-06-01,567,REN001,Ford,Coupe,Goldenrod,29,39,BestRental,Brooklyn,New York,USA,10021
tyler.young@example.com,tyler,young,passwd5,2894 Chive Parkway,Hangzhou,Zhejiang,China,200097,795-747-2573,KO2755707,7/27/2027,Poland,10/16/1959,CAR047,11/13/2019 15:06:00,11/18/2019 8:25:00,2/15/2019 3:25:00,7/15/2020 12:25:56,2,transparent pricing,28,5385941661114851,Tyler Young,Debit,2024-06-01,567,REN002,Toyota,Sedan,Red,28,28,USARental,Manhattan,New York,USA,10018
tyler.young@example.com,tyler,young,passwd5,2894 Chive Parkway,Hangzhou,Zhejiang,China,200097,795-747-2573,KO2755707,7/27/2027,Poland,10/16/1959,CAR048,6/13/2020 15:06:00,6/18/2020 8:25:00,2/15/2020 3:25:00,9/23/2020 19:20:25,2,comfortable and spacious interiors,32,5385941661114851,Tyler Young,Debit,2024-06-01,567,REN003,Mazda,SUV,Khaki,14,32,Expedia,Los Angeles,California,USA,10098
tyler.young@example.com,tyler,young,passwd5,2894 Chive Parkway,Hangzhou,Zhejiang,China,200097,795-747-2573,KO2755707,7/27/2027,Poland,10/16/1959,CAR049,8/13/2021 15:06:00,8/18/2021 8:25:00,2/15/2021 3:25:00,08/29/2022 15:32:35,5,wide selection of car models,28,5385941661114851,Tyler Young,Debit,2024-06-01,567,REN001,Chevrolet,Sedan,Violet,27,28,BestRental,Brooklyn,New York,USA,10021
tyler.young@example.com,tyler,young,passwd5,2894 Chive Parkway,Hangzhou,Zhejiang,China,200097,795-747-2573,KO2755707,7/27/2027,Poland,10/16/1959,CAR050,07/23/2023 14:00:00,07/26/2023 12:00:00,03/25/2023 15:06:25,,,,125,5385941661114851,Tyler Young,Debit,2024-06-01,567,REN001,BMW,SUV,Mauv,18,125,BestRental,Brooklyn,New York,USA,10021
tyler.young@example.com,tyler,young,passwd5,2894 Chive Parkway,Hangzhou,Zhejiang,China,200097,795-747-2573,KO2755707,7/27/2027,Poland,10/16/1959,CAR051,09/19/2023 14:00:00,09/23/2023 14:00:00,02/23/2023 14:00:00,,,,112,5385941661114851,Tyler Young,Debit,2024-06-01,567,REN002,Mazda,Truck,Teal,27,112,USARental,Manhattan,New York,USA,10018
claire.baker@example.com,claire,baker,passwd6,39 Bowman Pass,Brooklyn,NY,USA,12552,522-483-6816,DG9102444,5/24/2025,China,4/4/1992,CAR052,4/13/2019 15:06:00,4/18/2019 8:25:00,2/15/2019 3:25:00,5/15/2019 3:25:30,3,complimentary upgrades,87,4790428298140149,Claire Baker,Credit,2022-09-01,678,REN002,Pontiac,Sedan,Pink,35,87,USARental,Manhattan,New York,USA,10018
claire.baker@example.com,claire,baker,passwd6,39 Bowman Pass,Brooklyn,NY,USA,12552,522-483-6816,DG9102444,5/24/2025,China,4/4/1992,CAR053,4/13/2020 15:06:00,4/18/2020 8:25:00,2/15/2020 3:25:00,6/25/2020 14:52:35,4,user-friendly website,47,4790428298140149,Claire Baker,Credit,2022-09-01,678,REN003,Volkswagen,Sedan,Goldenrod,38,47,Expedia,Los Angeles,California,USA,10098
claire.baker@example.com,claire,baker,passwd6,39 Bowman Pass,Brooklyn,NY,USA,12552,522-483-6816,DG9102444,5/24/2025,China,4/4/1992,CAR054,4/13/2021 15:06:00,4/18/2021 8:25:00,2/15/2021 3:25:00,5/15/2021 3:25:30,4,quick and efficient check-in,42,4790428298140149,Claire Baker,Credit,2022-09-01,678,REN003,Isuzu,SUV,Khaki,34,42,Expedia,Los Angeles,California,USA,10098
claire.baker@example.com,claire,baker,passwd6,39 Bowman Pass,Brooklyn,NY,USA,12552,522-483-6816,DG9102444,5/24/2025,China,4/4/1992,CAR055,6/15/2019 15:06:00,6/18/2019 8:25:00,2/15/2019 3:25:00,7/15/2019 15:23:23,4,excellent fuel efficiency,130,4790428298140149,Claire Baker,Credit,2022-09-01,678,REN001,Toyota,Coupe,Red,21,130,BestRental,Brooklyn,New York,USA,10021
claire.baker@example.com,claire,baker,passwd6,39 Bowman Pass,Brooklyn,NY,USA,12552,522-483-6816,DG9102444,5/24/2025,China,4/4/1992,CAR056,7/16/2020 15:06:00,7/18/2020 8:25:00,2/15/2020 3:25:00,8/15/2020 12:23:23,4,complimentary upgrades,115,4790428298140149,Claire Baker,Credit,2022-09-01,678,REN002,Honda,Sedan,Crimson,19,115,USARental,Manhattan,New York,USA,10018
claire.baker@example.com,claire,baker,passwd6,39 Bowman Pass,Brooklyn,NY,USA,12552,522-483-6816,DG9102444,5/24/2025,China,4/4/1992,CAR057,9/13/2021 15:06:00,9/18/2021 8:25:00,2/15/2021 3:25:00,9/29/2021 15:29:23,1,well-equipped cars,85,4790428298140149,Claire Baker,Credit,2022-09-01,678,REN003,Ford,Truck,Violet,25,85,Expedia,Los Angeles,California,USA,10098
claire.baker@example.com,claire,baker,passwd6,39 Bowman Pass,Brooklyn,NY,USA,12552,522-483-6816,DG9102444,5/24/2025,China,4/4/1992,CAR058,11/13/2019 15:06:00,11/18/2019 8:25:00,2/15/2019 3:25:00,7/15/2020 12:25:56,2,excellent fuel efficiency,24,4790428298140149,Claire Baker,Credit,2022-09-01,678,REN001,Chevrolet,SUV,Violet,36,24,BestRental,Brooklyn,New York,USA,10021
claire.baker@example.com,claire,baker,passwd6,39 Bowman Pass,Brooklyn,NY,USA,12552,522-483-6816,DG9102444,5/24/2025,China,4/4/1992,CAR059,6/13/2020 15:06:00,6/18/2020 8:25:00,2/15/2020 3:25:00,9/23/2020 19:20:25,2,quick and efficient check-in,144,4790428298140149,Claire Baker,Credit,2022-09-01,678,REN002,Nissan,Coupe,Crimson,36,144,USARental,Manhattan,New York,USA,10018
claire.baker@example.com,claire,baker,passwd6,39 Bowman Pass,Brooklyn,NY,USA,12552,522-483-6816,DG9102444,5/24/2025,China,4/4/1992,CAR060,8/13/2021 15:06:00,8/18/2021 8:25:00,2/15/2021 3:25:00,08/29/2022 15:32:35,3,Great customer service,146,4790428298140149,Claire Baker,Credit,2022-09-01,678,REN003,BMW,Sedan,Red,24,146,Expedia,Los Angeles,California,USA,10098
claire.baker@example.com,claire,baker,passwd6,39 Bowman Pass,Brooklyn,NY,USA,12552,522-483-6816,DG9102444,5/24/2025,China,4/4/1992,CAR061,07/23/2023 14:00:00,07/26/2023 12:00:00,03/25/2023 15:06:25,,,,125,4790428298140149,Claire Baker,Credit,2022-09-01,678,REN001,Toyota,Sedan,Green,32,125,BestRental,Brooklyn,New York,USA,10021
claire.baker@example.com,claire,baker,passwd6,39 Bowman Pass,Brooklyn,NY,USA,12552,522-483-6816,DG9102444,5/24/2025,China,4/4/1992,CAR062,09/19/2023 14:00:00,09/23/2023 14:00:00,02/23/2023 14:00:00,,,,175,4790428298140149,Claire Baker,Credit,2022-09-01,678,REN001,Ford,SUV,Yellow,19,175,BestRental,Brooklyn,New York,USA,10021
david.taylor@example.com,david,taylor,passwd7,21 Village Hill,Manhattan,NY,USA,23231,759-651-7077,SI0500394,8/17/2027,Comoros,7/10/2010,CAR063,4/13/2019 15:06:00,4/18/2019 8:25:00,2/15/2019 3:25:00,5/15/2019 3:25:30,2,convenient pickup and drop-off locations,200,4026969176852007,David Taylor,Credit,2023-05-01,789,REN002,Honda,Truck,Indigo,19,200,USARental,Manhattan,New York,USA,10018
david.taylor@example.com,david,taylor,passwd7,21 Village Hill,Manhattan,NY,USA,23231,759-651-7077,SI0500394,8/17/2027,Comoros,7/10/2010,CAR064,4/13/2020 15:06:00,4/18/2020 8:25:00,2/15/2020 3:25:00,6/25/2020 14:52:35,4,wide selection of car models,98,4026969176852007,David Taylor,Credit,2023-05-01,789,REN002,Nissan,Convertible,Indigo,31,98,USARental,Manhattan,New York,USA,10018
david.taylor@example.com,david,taylor,passwd7,21 Village Hill,Manhattan,NY,USA,23231,759-651-7077,SI0500394,8/17/2027,Comoros,7/10/2010,CAR065,4/13/2021 15:06:00,4/18/2021 8:25:00,2/15/2021 3:25:00,5/15/2021 3:25:30,3,strong safety measures.,96,4026969176852007,David Taylor,Credit,2023-05-01,789,REN003,Chevrolet,Sedan,Goldenrod,16,96,Expedia,Los Angeles,California,USA,10098
david.taylor@example.com,david,taylor,passwd7,21 Village Hill,Manhattan,NY,USA,23231,759-651-7077,SI0500394,8/17/2027,Comoros,7/10/2010,CAR066,6/15/2019 15:06:00,6/18/2019 8:25:00,2/15/2019 3:25:00,7/15/2019 15:23:23,1,hassle-free experience,150,4026969176852007,David Taylor,Credit,2023-05-01,789,REN003,BMW,Coupe,Red,11,150,Expedia,Los Angeles,California,USA,10098
david.taylor@example.com,david,taylor,passwd7,21 Village Hill,Manhattan,NY,USA,23231,759-651-7077,SI0500394,8/17/2027,Comoros,7/10/2010,CAR067,7/16/2020 15:06:00,7/18/2020 8:25:00,2/15/2020 3:25:00,8/15/2020 12:23:23,3,transparent pricing,99,4026969176852007,David Taylor,Credit,2023-05-01,789,REN001,Ford,Sedan,Aquamarine,17,99,BestRental,Brooklyn,New York,USA,10021
david.taylor@example.com,david,taylor,passwd7,21 Village Hill,Manhattan,NY,USA,23231,759-651-7077,SI0500394,8/17/2027,Comoros,7/10/2010,CAR068,9/13/2021 15:06:00,9/18/2021 8:25:00,2/15/2021 3:25:00,9/29/2021 15:29:23,1,helpful staff,42,4026969176852007,David Taylor,Credit,2023-05-01,789,REN002,Toyota,SUV,Puce,15,42,USARental,Manhattan,New York,USA,10018
david.taylor@example.com,david,taylor,passwd7,21 Village Hill,Manhattan,NY,USA,23231,759-651-7077,SI0500394,8/17/2027,Comoros,7/10/2010,CAR069,11/13/2019 15:06:00,11/18/2019 8:25:00,2/15/2019 3:25:00,7/15/2020 12:25:56,3,easy cancellation policy,48,4026969176852007,David Taylor,Credit,2023-05-01,789,REN003,Honda,Sedan,Khaki,16,48,Expedia,Los Angeles,California,USA,10098
david.taylor@example.com,david,taylor,passwd7,21 Village Hill,Manhattan,NY,USA,23231,759-651-7077,SI0500394,8/17/2027,Comoros,7/10/2010,CAR070,6/13/2020 15:06:00,6/18/2020 8:25:00,2/15/2020 3:25:00,9/23/2020 19:20:25,4,convenient pickup and drop-off locations,134,4026969176852007,David Taylor,Credit,2023-05-01,789,REN001,Chevrolet,SUV,Aquamarine,20,134,BestRental,Brooklyn,New York,USA,10021
david.taylor@example.com,david,taylor,passwd7,21 Village Hill,Manhattan,NY,USA,23231,759-651-7077,SI0500394,8/17/2027,Comoros,7/10/2010,CAR071,8/13/2021 15:06:00,8/18/2021 8:25:00,2/15/2021 3:25:00,08/29/2022 15:32:35,4,transparent pricing,155,4026969176852007,David Taylor,Credit,2023-05-01,789,REN002,Nissan,Truck,Blue,13,155,USARental,Manhattan,New York,USA,10018
david.taylor@example.com,david,taylor,passwd7,21 Village Hill,Manhattan,NY,USA,23231,759-651-7077,SI0500394,8/17/2027,Comoros,7/10/2010,CAR072,07/23/2023 14:00:00,07/26/2023 12:00:00,03/25/2023 15:06:25,,,,130,4026969176852007,David Taylor,Credit,2023-05-01,789,REN003,BMW,Sedan,Teal,13,130,Expedia,Los Angeles,California,USA,10098
david.taylor@example.com,david,taylor,passwd7,21 Village Hill,Manhattan,NY,USA,23231,759-651-7077,SI0500394,8/17/2027,Comoros,7/10/2010,CAR073,09/19/2023 14:00:00,09/23/2023 14:00:00,02/23/2023 14:00:00,,,,58,4026969176852007,David Taylor,Credit,2023-05-01,789,REN001,Ford,Sedan,Mauv,15,58,BestRental,Brooklyn,New York,USA,10021
ashley.evans@example.com,ashley,evans,passwd8,7 Bellgrove Plaza,Cambridgeshire,,UK,2323231,163-534-2497,OQ5399035,3/18/2028,South Africa,1/16/1974,CAR074,4/13/2019 15:06:00,4/18/2019 8:25:00,2/15/2019 3:25:00,5/15/2019 3:25:30,5,reliable GPS navigation,112,5446930159740726,Ashley Evans,Debit,2023-05-02,788,REN001,Toyota,SUV,Puce,20,112,BestRental,Brooklyn,New York,USA,10021
ashley.evans@example.com,ashley,evans,passwd8,7 Bellgrove Plaza,Cambridgeshire,,UK,2323231,163-534-2497,OQ5399035,3/18/2028,South Africa,1/16/1974,CAR075,4/13/2020 15:06:00,4/18/2020 8:25:00,2/15/2020 3:25:00,6/25/2020 14:52:35,4,loyalty rewards program,209,5446930159740726,Ashley Evans,Debit,2023-05-02,788,REN002,Mazda,Coupe,Maroon,35,209,USARental,Manhattan,New York,USA,10018
ashley.evans@example.com,ashley,evans,passwd8,7 Bellgrove Plaza,Cambridgeshire,,UK,2323231,163-534-2497,OQ5399035,3/18/2028,South Africa,1/16/1974,CAR076,4/13/2021 15:06:00,4/18/2021 8:25:00,2/15/2021 3:25:00,5/15/2021 3:25:30,3,user-friendly website,49,5446930159740726,Ashley Evans,Debit,2023-05-02,788,REN002,Chevrolet,Sedan,Violet,16,49,USARental,Manhattan,New York,USA,10018
ashley.evans@example.com,ashley,evans,passwd8,7 Bellgrove Plaza,Cambridgeshire,,UK,2323231,163-534-2497,OQ5399035,3/18/2028,South Africa,1/16/1974,CAR077,6/15/2019 15:06:00,6/18/2019 8:25:00,2/15/2019 3:25:00,7/15/2019 15:23:23,4,convenient pickup and drop-off locations,129,5446930159740726,Ashley Evans,Debit,2023-05-02,788,REN003,BMW,Truck,Blue,13,129,Expedia,Los Angeles,California,USA,10098
ashley.evans@example.com,ashley,evans,passwd8,7 Bellgrove Plaza,Cambridgeshire,,UK,2323231,163-534-2497,OQ5399035,3/18/2028,South Africa,1/16/1974,CAR078,7/16/2020 15:06:00,7/18/2020 8:25:00,2/15/2020 3:25:00,8/15/2020 12:23:23,1,easy cancellation policy,159,5446930159740726,Ashley Evans,Debit,2023-05-02,788,REN003,Mazda,SUV,Purple,33,159,Expedia,Los Angeles,California,USA,10098
ashley.evans@example.com,ashley,evans,passwd8,7 Bellgrove Plaza,Cambridgeshire,,UK,2323231,163-534-2497,OQ5399035,3/18/2028,South Africa,1/16/1974,CAR079,9/13/2021 15:06:00,9/18/2021 8:25:00,2/15/2021 3:25:00,9/29/2021 15:29:23,1,flexible rental terms,84,5446930159740726,Ashley Evans,Debit,2023-05-02,788,REN001,Pontiac,Coupe,Teal,18,84,BestRental,Brooklyn,New York,USA,10021
ashley.evans@example.com,ashley,evans,passwd8,7 Bellgrove Plaza,Cambridgeshire,,UK,2323231,163-534-2497,OQ5399035,3/18/2028,South Africa,1/16/1974,CAR080,11/13/2019 15:06:00,11/18/2019 8:25:00,2/15/2019 3:25:00,7/15/2020 12:25:56,5,flexible rental terms,175,5446930159740726,Ashley Evans,Debit,2023-05-02,788,REN002,Volkswagen,Sedan,Purple,26,175,USARental,Manhattan,New York,USA,10018
ashley.evans@example.com,ashley,evans,passwd8,7 Bellgrove Plaza,Cambridgeshire,,UK,2323231,163-534-2497,OQ5399035,3/18/2028,South Africa,1/16/1974,CAR081,6/13/2020 15:06:00,6/18/2020 8:25:00,2/15/2020 3:25:00,9/23/2020 19:20:25,4,loyalty rewards program,189,5446930159740726,Ashley Evans,Debit,2023-05-02,788,REN003,Isuzu,Sedan,Pink,14,189,Expedia,Los Angeles,California,USA,10098
ashley.evans@example.com,ashley,evans,passwd8,7 Bellgrove Plaza,Cambridgeshire,,UK,2323231,163-534-2497,OQ5399035,3/18/2028,South Africa,1/16/1974,CAR082,8/13/2021 15:06:00,8/18/2021 8:25:00,2/15/2021 3:25:00,08/29/2022 15:32:35,5,clean and well-maintained vehicles,130,5446930159740726,Ashley Evans,Debit,2023-05-02,788,REN001,Toyota,SUV,Aquamarine,26,130,BestRental,Brooklyn,New York,USA,10021
ashley.evans@example.com,ashley,evans,passwd8,7 Bellgrove Plaza,Cambridgeshire,,UK,2323231,163-534-2497,OQ5399035,3/18/2028,South Africa,1/16/1974,CAR083,07/23/2023 14:00:00,07/26/2023 12:00:00,03/25/2023 15:06:25,,,,150,5446930159740726,Ashley Evans,Debit,2023-05-02,788,REN002,Honda,Truck,Crimson,36,150,USARental,Manhattan,New York,USA,10018
ashley.evans@example.com,ashley,evans,passwd8,7 Bellgrove Plaza,Cambridgeshire,,UK,2323231,163-534-2497,OQ5399035,3/18/2028,South Africa,1/16/1974,CAR084,09/19/2023 14:00:00,09/23/2023 14:00:00,02/23/2023 14:00:00,,,,125,5446930159740726,Ashley Evans,Debit,2023-05-02,788,REN003,Ford,Convertible,Green,18,125,Expedia,Los Angeles,California,USA,10098
adam.wilson@example.com,adam,wilson,passwd9,34367 Heath Trail,Cambridgeshire,,UK,56977,284-791-0663,IB9162743,3/6/2027,Macedonia,12/24/1957,CAR085,4/13/2019 15:06:00,4/18/2019 8:25:00,2/15/2019 3:25:00,5/15/2019 3:25:30,1,comfortable and spacious interiors,76,4178762017781083,Adam Wilson,Credit,2024-12-01,890,REN001,Chevrolet,Sedan,Yellow,14,76,BestRental,Brooklyn,New York,USA,10021
adam.wilson@example.com,adam,wilson,passwd9,34367 Heath Trail,Cambridgeshire,,UK,56977,284-791-0663,IB9162743,3/6/2027,Macedonia,12/24/1957,CAR086,4/13/2020 15:06:00,4/18/2020 8:25:00,2/15/2020 3:25:00,6/25/2020 14:52:35,3,hassle-free experience,147,4178762017781083,Adam Wilson,Credit,2024-12-01,890,REN001,Nissan,Coupe,Orange,24,147,BestRental,Brooklyn,New York,USA,10021
adam.wilson@example.com,adam,wilson,passwd9,34367 Heath Trail,Cambridgeshire,,UK,56977,284-791-0663,IB9162743,3/6/2027,Macedonia,12/24/1957,CAR087,4/13/2021 15:06:00,4/18/2021 8:25:00,2/15/2021 3:25:00,5/15/2021 3:25:30,4,smooth booking process,160,4178762017781083,Adam Wilson,Credit,2024-12-01,890,REN002,BMW,Sedan,Mauv,16,160,USARental,Manhattan,New York,USA,10018
adam.wilson@example.com,adam,wilson,passwd9,34367 Heath Trail,Cambridgeshire,,UK,56977,284-791-0663,IB9162743,3/6/2027,Macedonia,12/24/1957,CAR088,6/15/2019 15:06:00,6/18/2019 8:25:00,2/15/2019 3:25:00,7/15/2019 15:23:23,2,well-equipped cars,175,4178762017781083,Adam Wilson,Credit,2024-12-01,890,REN002,Toyota,SUV,Goldenrod,24,175,USARental,Manhattan,New York,USA,10018
adam.wilson@example.com,adam,wilson,passwd9,34367 Heath Trail,Cambridgeshire,,UK,56977,284-791-0663,IB9162743,3/6/2027,Macedonia,12/24/1957,CAR089,7/16/2020 15:06:00,7/18/2020 8:25:00,2/15/2020 3:25:00,8/15/2020 12:23:23,1,reliable GPS navigation,89,4178762017781083,Adam Wilson,Credit,2024-12-01,890,REN003,Ford,Sedan,Teal,14,89,Expedia,Los Angeles,California,USA,10098
adam.wilson@example.com,adam,wilson,passwd9,34367 Heath Trail,Cambridgeshire,,UK,56977,284-791-0663,IB9162743,3/6/2027,Macedonia,12/24/1957,CAR090,9/13/2021 15:06:00,9/18/2021 8:25:00,2/15/2021 3:25:00,9/29/2021 15:29:23,3,hassle-free experience,116,4178762017781083,Adam Wilson,Credit,2024-12-01,890,REN003,Honda,SUV,Purple,10,116,Expedia,Los Angeles,California,USA,10098
adam.wilson@example.com,adam,wilson,passwd9,34367 Heath Trail,Cambridgeshire,,UK,56977,284-791-0663,IB9162743,3/6/2027,Macedonia,12/24/1957,CAR091,11/13/2019 15:06:00,11/18/2019 8:25:00,2/15/2019 3:25:00,7/15/2020 12:25:56,4,flexible rental terms,136,4178762017781083,Adam Wilson,Credit,2024-12-01,890,REN001,Nissan,Truck,Khaki,18,136,BestRental,Brooklyn,New York,USA,10021
adam.wilson@example.com,adam,wilson,passwd9,34367 Heath Trail,Cambridgeshire,,UK,56977,284-791-0663,IB9162743,3/6/2027,Macedonia,12/24/1957,CAR092,6/13/2020 15:06:00,6/18/2020 8:25:00,2/15/2020 3:25:00,9/23/2020 19:20:25,1,clean and well-maintained vehicles,56,4178762017781083,Adam Wilson,Credit,2024-12-01,890,REN002,Chevrolet,Sedan,Aquamarine,39,56,USARental,Manhattan,New York,USA,10018
adam.wilson@example.com,adam,wilson,passwd9,34367 Heath Trail,Cambridgeshire,,UK,56977,284-791-0663,IB9162743,3/6/2027,Macedonia,12/24/1957,CAR093,8/13/2021 15:06:00,8/18/2021 8:25:00,2/15/2021 3:25:00,08/29/2022 15:32:35,4,seamless payment process,64,4178762017781083,Adam Wilson,Credit,2024-12-01,890,REN003,BMW,Sedan,Green,28,64,Expedia,Los Angeles,California,USA,10098
adam.wilson@example.com,adam,wilson,passwd9,34367 Heath Trail,Cambridgeshire,,UK,56977,284-791-0663,IB9162743,3/6/2027,Macedonia,12/24/1957,CAR094,07/23/2023 14:00:00,07/26/2023 12:00:00,03/25/2023 15:06:25,,5,convenient pickup and drop-off locations,90,4178762017781083,Adam Wilson,Credit,2024-12-01,890,REN001,Ford,SUV,Green,12,90,BestRental,Brooklyn,New York,USA,10021
adam.wilson@example.com,adam,wilson,passwd9,34367 Heath Trail,Cambridgeshire,,UK,56977,284-791-0663,IB9162743,3/6/2027,Macedonia,12/24/1957,CAR095,09/19/2023 14:00:00,09/23/2023 14:00:00,02/23/2023 14:00:00,,,,55,4178762017781083,Adam Wilson,Credit,2024-12-01,890,REN002,Toyota,Coupe,Yellow,14,55,USARental,Manhattan,New York,USA,10018
olivia.johnson@example.com,olivia,johnson,passwd10,8126 Johnson Way,Miami,FL,USA,98788,231-920-4671,EJ3057333,9/23/2027,Poland,3/18/2016,CAR096,4/13/2019 15:06:00,4/18/2019 8:25:00,2/15/2019 3:25:00,5/15/2019 3:25:30,3,24/7 roadside assistance,29,4716556986264328,Olivia Johnson,Credit,2022-10-01,901,REN003,Honda,Sedan,Orange,22,29,Expedia,Los Angeles,California,USA,10098
olivia.johnson@example.com,olivia,johnson,passwd10,8126 Johnson Way,Miami,FL,USA,98788,231-920-4671,EJ3057333,9/23/2027,Poland,3/18/2016,CAR097,4/13/2020 15:06:00,4/18/2020 8:25:00,2/15/2020 3:25:00,6/25/2020 14:52:35,4,clean and well-maintained vehicles,78,4716556986264328,Olivia Johnson,Credit,2022-10-01,901,REN001,Chevrolet,Truck,Aquamarine,15,78,BestRental,Brooklyn,New York,USA,10021
olivia.johnson@example.com,olivia,johnson,passwd10,8126 Johnson Way,Miami,FL,USA,98788,231-920-4671,EJ3057333,9/23/2027,Poland,3/18/2016,CAR098,4/13/2021 15:06:00,4/18/2021 8:25:00,2/15/2021 3:25:00,5/15/2021 3:25:30,2,easy cancellation policy,102,4716556986264328,Olivia Johnson,Credit,2022-10-01,901,REN001,Nissan,SUV,Puce,11,102,BestRental,Brooklyn,New York,USA,10021
olivia.johnson@example.com,olivia,johnson,passwd10,8126 Johnson Way,Miami,FL,USA,98788,231-920-4671,EJ3057333,9/23/2027,Poland,3/18/2016,CAR099,6/15/2019 15:06:00,6/18/2019 8:25:00,2/15/2019 3:25:00,7/15/2019 15:23:23,5,smooth booking process,85,4716556986264328,Olivia Johnson,Credit,2022-10-01,901,REN002,BMW,Coupe,Fuscia,21,85,USARental,Manhattan,New York,USA,10018
olivia.johnson@example.com,olivia,johnson,passwd10,8126 Johnson Way,Miami,FL,USA,98788,231-920-4671,EJ3057333,9/23/2027,Poland,3/18/2016,CAR100,7/16/2020 15:06:00,7/18/2020 8:25:00,2/15/2020 3:25:00,8/15/2020 12:23:23,4,smooth booking process,98,4716556986264328,Olivia Johnson,Credit,2022-10-01,901,REN002,Ford,Sedan,Violet,29,25,USARental,Manhattan,New York,USA,10018
olivia.johnson@example.com,olivia,johnson,passwd10,8126 Johnson Way,Miami,FL,USA,98788,231-920-4671,EJ3057333,9/23/2027,Poland,3/18/2016,CAR600,9/13/2021 15:06:00,9/18/2021 8:25:00,2/15/2021 3:25:00,9/29/2021 15:29:23,4,loyalty rewards program,194,4716556986264328,Olivia Johnson,Credit,2022-10-01,901,REN001,Toyota,Sedan,Blue,1.5,50,BestRental,Brooklyn,New York,USA,10021
olivia.johnson@example.com,olivia,johnson,passwd10,8126 Johnson Way,Miami,FL,USA,98788,231-920-4671,EJ3057333,9/23/2027,Poland,3/18/2016,CAR401,11/13/2019 15:06:00,11/18/2019 8:25:00,2/15/2019 3:25:00,7/15/2020 12:25:56,1,user-friendly website,127,4716556986264328,Olivia Johnson,Credit,2022-10-01,901,REN001,Honda,SUV,Red,2,70,BestRental,Brooklyn,New York,USA,10021
olivia.johnson@example.com,olivia,johnson,passwd10,8126 Johnson Way,Miami,FL,USA,98788,231-920-4671,EJ3057333,9/23/2027,Poland,3/18/2016,CAR402,6/13/2020 15:06:00,6/18/2020 8:25:00,2/15/2020 3:25:00,9/23/2020 19:20:25,5,quick and efficient check-in,153,4716556986264328,Olivia Johnson,Credit,2022-10-01,901,REN002,Ford,Truck,Black,1.8,80,USARental,Manhattan,New York,USA,10018
olivia.johnson@example.com,olivia,johnson,passwd10,8126 Johnson Way,Miami,FL,USA,98788,231-920-4671,EJ3057333,9/23/2027,Poland,3/18/2016,CAR403,8/13/2021 15:06:00,8/18/2021 8:25:00,2/15/2021 3:25:00,08/29/2022 15:32:35,4,strong safety measures.,154,4716556986264328,Olivia Johnson,Credit,2022-10-01,901,REN002,Chevrolet,Convertible,Yellow,1.2,100,USARental,Manhattan,New York,USA,10018
olivia.johnson@example.com,olivia,johnson,passwd10,8126 Johnson Way,Miami,FL,USA,98788,231-920-4671,EJ3057333,9/23/2027,Poland,3/18/2016,CAR404,07/23/2023 14:00:00,07/26/2023 12:00:00,03/25/2023 15:06:25,,,,176,4716556986264328,Olivia Johnson,Credit,2022-10-01,901,REN003,Nissan,Sedan,Silver,1.7,60,Expedia,Los Angeles,California,USA,10098
olivia.johnson@example.com,olivia,johnson,passwd10,8126 Johnson Way,Miami,FL,USA,98788,231-920-4671,EJ3057333,9/23/2027,Poland,3/18/2016,CAR405,09/19/2023 14:00:00,09/23/2023 14:00:00,02/23/2023 14:00:00,,,,127,4716556986264328,Olivia Johnson,Credit,2022-10-01,901,REN003,BMW,Coupe,White,1,120,Expedia,Los Angeles,California,USA,10098
kyle.roberts@example.com,kyle,roberts,passwd11,3079 Morrow Trail,Jersey City,NJ,USA,96578,223-737-2666,SX8520575,6/23/2025,Russia,10/21/1995,CAR406,4/13/2019 15:06:00,4/18/2019 8:25:00,2/15/2019 3:25:00,5/15/2019 3:25:30,2,complimentary upgrades,87,5504223213189929,Kyle Roberts,Debit,2024-01-01,125,REN001,Toyota,Sedan,Gray,1.6,50,BestRental,Brooklyn,New York,USA,10021
kyle.roberts@example.com,kyle,roberts,passwd11,3079 Morrow Trail,Jersey City,NJ,USA,96578,223-737-2666,SX8520575,6/23/2025,Russia,10/21/1995,CAR407,4/13/2020 15:06:00,4/18/2020 8:25:00,2/15/2020 3:25:00,6/25/2020 14:52:35,4,user-friendly website,86,5504223213189929,Kyle Roberts,Debit,2024-01-01,125,REN002,Ford,SUV,White,1.5,80,USARental,Manhattan,New York,USA,10018
kyle.roberts@example.com,kyle,roberts,passwd11,3079 Morrow Trail,Jersey City,NJ,USA,96578,223-737-2666,SX8520575,6/23/2025,Russia,10/21/1995,CAR408,4/13/2021 15:06:00,4/18/2021 8:25:00,2/15/2021 3:25:00,5/15/2021 3:25:30,4,clean and well-maintained vehicles,84,5504223213189929,Kyle Roberts,Debit,2024-01-01,125,REN003,Honda,Sedan,Blue,1.9,60,Expedia,Los Angeles,California,USA,10098
kyle.roberts@example.com,kyle,roberts,passwd11,3079 Morrow Trail,Jersey City,NJ,USA,96578,223-737-2666,SX8520575,6/23/2025,Russia,10/21/1995,CAR409,6/15/2019 15:06:00,6/18/2019 8:25:00,2/15/2019 3:25:00,7/15/2019 15:23:23,2,affordable rates,125,5504223213189929,Kyle Roberts,Debit,2024-01-01,125,REN001,Nissan,SUV,Black,2.2,70,BestRental,Brooklyn,New York,USA,10021
kyle.roberts@example.com,kyle,roberts,passwd11,3079 Morrow Trail,Jersey City,NJ,USA,96578,223-737-2666,SX8520575,6/23/2025,Russia,10/21/1995,CAR410,7/16/2020 15:06:00,7/18/2020 8:25:00,2/15/2020 3:25:00,8/15/2020 12:23:23,2,loyalty rewards program,98,5504223213189929,Kyle Roberts,Debit,2024-01-01,125,REN002,Chevrolet,Truck,Red,1.3,90,USARental,Manhattan,New York,USA,10018
kyle.roberts@example.com,kyle,roberts,passwd11,3079 Morrow Trail,Jersey City,NJ,USA,96578,223-737-2666,SX8520575,6/23/2025,Russia,10/21/1995,CAR411,9/13/2021 15:06:00,9/18/2021 8:25:00,2/15/2021 3:25:00,9/29/2021 15:29:23,2,flexible rental terms,134,5504223213189929,Kyle Roberts,Debit,2024-01-01,125,REN003,BMW,Sedan,Silver,1.2,100,Expedia,Los Angeles,California,USA,10098
kyle.roberts@example.com,kyle,roberts,passwd11,3079 Morrow Trail,Jersey City,NJ,USA,96578,223-737-2666,SX8520575,6/23/2025,Russia,10/21/1995,CAR412,11/13/2019 15:06:00,11/18/2019 8:25:00,2/15/2019 3:25:00,7/15/2020 12:25:56,5,user-friendly website,168,5504223213189929,Kyle Roberts,Debit,2024-01-01,125,REN001,Ford,Sedan,Blue,1.4,50,BestRental,Brooklyn,New York,USA,10021
kyle.roberts@example.com,kyle,roberts,passwd11,3079 Morrow Trail,Jersey City,NJ,USA,96578,223-737-2666,SX8520575,6/23/2025,Russia,10/21/1995,CAR413,6/13/2020 15:06:00,6/18/2020 8:25:00,2/15/2020 3:25:00,9/23/2020 19:20:25,2,24/7 roadside assistance,191,5504223213189929,Kyle Roberts,Debit,2024-01-01,125,REN001,Toyota,SUV,Silver,2.5,70,BestRental,Brooklyn,New York,USA,10021
kyle.roberts@example.com,kyle,roberts,passwd11,3079 Morrow Trail,Jersey City,NJ,USA,96578,223-737-2666,SX8520575,6/23/2025,Russia,10/21/1995,CAR414,8/13/2021 15:06:00,8/18/2021 8:25:00,2/15/2021 3:25:00,08/29/2022 15:32:35,5,transparent pricing,172,5504223213189929,Kyle Roberts,Debit,2024-01-01,125,REN002,Honda,Coupe,Black,1.8,80,USARental,Manhattan,New York,USA,10018
kyle.roberts@example.com,kyle,roberts,passwd11,3079 Morrow Trail,Jersey City,NJ,USA,96578,223-737-2666,SX8520575,6/23/2025,Russia,10/21/1995,CAR415,07/23/2023 14:00:00,07/26/2023 12:00:00,03/25/2023 15:06:25,,,,131,5504223213189929,Kyle Roberts,Debit,2024-01-01,125,REN002,Chevrolet,Sedan,White,1.9,60,USARental,Manhattan,New York,USA,10018
kyle.roberts@example.com,kyle,roberts,passwd11,3079 Morrow Trail,Jersey City,NJ,USA,96578,223-737-2666,SX8520575,6/23/2025,Russia,10/21/1995,CAR416,09/19/2023 14:00:00,09/23/2023 14:00:00,02/23/2023 14:00:00,,,,168,5504223213189929,Kyle Roberts,Debit,2024-01-01,125,REN003,Nissan,Truck,Gray,2.1,90,Expedia,Los Angeles,California,USA,10098
amanda.nelson@example.com,amanda,nelson,passwd12,706 Garrison Parkway,Cambridgeshire,,UK,56987,645-204-5799,LC3602948,2/7/2030,Indonesia,5/12/2011,CAR417,4/13/2019 15:06:00,4/18/2019 8:25:00,2/15/2019 3:25:00,5/15/2019 3:25:30,3,complimentary upgrades,162,4687071910661774,Amanda Nelson,Credit,2022-08-01,266,REN003,BMW,SUV,Red,1.5,110,Expedia,Los Angeles,California,USA,10098
amanda.nelson@example.com,amanda,nelson,passwd12,706 Garrison Parkway,Cambridgeshire,,UK,56987,645-204-5799,LC3602948,2/7/2030,Indonesia,5/12/2011,CAR418,4/13/2020 15:06:00,4/18/2020 8:25:00,2/15/2020 3:25:00,6/25/2020 14:52:35,4,Clean and well-maintained car.,153,4687071910661774,Amanda Nelson,Credit,2022-08-01,266,REN001,Ford,Coupe,Yellow,1.1,100,BestRental,Brooklyn,New York,USA,10021
amanda.nelson@example.com,amanda,nelson,passwd12,706 Garrison Parkway,Cambridgeshire,,UK,56987,645-204-5799,LC3602948,2/7/2030,Indonesia,5/12/2011,CAR419,4/13/2021 15:06:00,4/18/2021 8:25:00,2/15/2021 3:25:00,5/15/2021 3:25:30,4,Long wait time for pick-up.,161,4687071910661774,Amanda Nelson,Credit,2022-08-01,266,REN002,Toyota,Sedan,Black,2.3,50,USARental,Manhattan,New York,USA,10018
amanda.nelson@example.com,amanda,nelson,passwd12,706 Garrison Parkway,Cambridgeshire,,UK,56987,645-204-5799,LC3602948,2/7/2030,Indonesia,5/12/2011,CAR420,6/15/2019 15:06:00,6/18/2019 8:25:00,2/15/2019 3:25:00,7/15/2019 15:23:23,3,Excellent service and car quality.,145,4687071910661774,Amanda Nelson,Credit,2022-08-01,266,REN003,Mazda,Sedan,Goldenrod,23,135,Expedia,Los Angeles,California,USA,10098
amanda.nelson@example.com,amanda,nelson,passwd12,706 Garrison Parkway,Cambridgeshire,,UK,56987,645-204-5799,LC3602948,2/7/2030,Indonesia,5/12/2011,CAR421,7/16/2020 15:06:00,7/18/2020 8:25:00,2/15/2020 3:25:00,8/15/2020 12:23:23,4,Car smelled strongly of cigarette smoke.,196,4687071910661774,Amanda Nelson,Credit,2022-08-01,266,REN001,Chevrolet,SUV,Mauv,18,190,BestRental,Brooklyn,New York,USA,10021
amanda.nelson@example.com,amanda,nelson,passwd12,706 Garrison Parkway,Cambridgeshire,,UK,56987,645-204-5799,LC3602948,2/7/2030,Indonesia,5/12/2011,CAR422,9/13/2021 15:06:00,9/18/2021 8:25:00,2/15/2021 3:25:00,9/29/2021 15:29:23,2,Good experience overall.,161,4687071910661774,Amanda Nelson,Credit,2022-08-01,266,REN002,BMW,Truck,Blue,17,35,USARental,Manhattan,New York,USA,10018
amanda.nelson@example.com,amanda,nelson,passwd12,706 Garrison Parkway,Cambridgeshire,,UK,56987,645-204-5799,LC3602948,2/7/2030,Indonesia,5/12/2011,CAR423,11/13/2019 15:06:00,11/18/2019 8:25:00,2/15/2019 3:25:00,7/15/2020 12:25:56,3,Car was not ready on time.,194,4687071910661774,Amanda Nelson,Credit,2022-08-01,266,REN003,Mazda,Convertible,Crimson,21,75,Expedia,Los Angeles,California,USA,10098
amanda.nelson@example.com,amanda,nelson,passwd12,706 Garrison Parkway,Cambridgeshire,,UK,56987,645-204-5799,LC3602948,2/7/2030,Indonesia,5/12/2011,CAR424,6/13/2020 15:06:00,6/18/2020 8:25:00,2/15/2020 3:25:00,9/23/2020 19:20:25,5,Great value for the price.,172,4687071910661774,Amanda Nelson,Credit,2022-08-01,266,REN001,Pontiac,Sedan,Turquoise,56,47,BestRental,Brooklyn,New York,USA,10021
amanda.nelson@example.com,amanda,nelson,passwd12,706 Garrison Parkway,Cambridgeshire,,UK,56987,645-204-5799,LC3602948,2/7/2030,Indonesia,5/12/2011,CAR425,8/13/2021 15:06:00,8/18/2021 8:25:00,2/15/2021 3:25:00,08/29/2022 15:32:35,1,Helpful and friendly staff.,145,4687071910661774,Amanda Nelson,Credit,2022-08-01,266,REN001,Volkswagen,Coupe,Orange,22,58,BestRental,Brooklyn,New York,USA,10021
amanda.nelson@example.com,amanda,nelson,passwd12,706 Garrison Parkway,Cambridgeshire,,UK,56987,645-204-5799,LC3602948,2/7/2030,Indonesia,5/12/2011,CAR426,07/23/2023 14:00:00,07/26/2023 12:00:00,03/25/2023 15:06:25,,,,187,4687071910661774,Amanda Nelson,Credit,2022-08-01,266,REN002,Isuzu,Sedan,Blue,20,42,USARental,Manhattan,New York,USA,10018
amanda.nelson@example.com,amanda,nelson,passwd12,706 Garrison Parkway,Cambridgeshire,,UK,56987,645-204-5799,LC3602948,2/7/2030,Indonesia,5/12/2011,CAR427,09/19/2023 14:00:00,09/23/2023 14:00:00,02/23/2023 14:00:00,,,,168,4687071910661774,Amanda Nelson,Credit,2022-08-01,266,REN002,Toyota,SUV,Yellow,15,117,USARental,Manhattan,New York,USA,10018
jack.hall@example.com,jack,hall,passwd13,35271 Carey Lane,Oxford,,UK,99989,711-353-1066,EB5066731,10/27/2026,China,12/15/1993,CAR428,4/13/2019 15:06:00,4/18/2019 8:25:00,2/15/2019 3:25:00,5/15/2019 3:25:30,5,Car had some scratches and dents.,157,4559013077272764,Jack Hall,Credit,2023-07-01,234,REN003,Honda,Sedan,Violet,21,102,Expedia,Los Angeles,California,USA,10098
jack.hall@example.com,jack,hall,passwd13,35271 Carey Lane,Oxford,,UK,99989,711-353-1066,EB5066731,10/27/2026,China,12/15/1993,CAR429,4/13/2020 15:06:00,4/18/2020 8:25:00,2/15/2020 3:25:00,6/25/2020 14:52:35,1,Smooth and easy rental process.,80,4559013077272764,Jack Hall,Credit,2023-07-01,234,REN003,Ford,SUV,Pink,25,49,Expedia,Los Angeles,California,USA,10098
jack.hall@example.com,jack,hall,passwd13,35271 Carey Lane,Oxford,,UK,99989,711-353-1066,EB5066731,10/27/2026,China,12/15/1993,CAR430,4/13/2021 15:06:00,4/18/2021 8:25:00,2/15/2021 3:25:00,5/15/2021 3:25:30,3,Good selection of cars.,138,4559013077272764,Jack Hall,Credit,2023-07-01,234,REN001,Chevrolet,Truck,Goldenrod,19,75,BestRental,Brooklyn,New York,USA,10021
jack.hall@example.com,jack,hall,passwd13,35271 Carey Lane,Oxford,,UK,99989,711-353-1066,EB5066731,10/27/2026,China,12/15/1993,CAR431,6/15/2019 15:06:00,6/18/2019 8:25:00,2/15/2019 3:25:00,7/15/2019 15:23:23,5,Car was not clean upon pick-up.,90,4559013077272764,Jack Hall,Credit,2023-07-01,234,REN002,Nissan,Sedan,Blue,21,35,USARental,Manhattan,New York,USA,10018
jack.hall@example.com,jack,hall,passwd13,35271 Carey Lane,Oxford,,UK,99989,711-353-1066,EB5066731,10/27/2026,China,12/15/1993,CAR432,7/16/2020 15:06:00,7/18/2020 8:25:00,2/15/2020 3:25:00,8/15/2020 12:23:23,4,Quick and efficient drop-off process.,193,4559013077272764,Jack Hall,Credit,2023-07-01,234,REN003,BMW,Sedan,Mauv,31,88,Expedia,Los Angeles,California,USA,10098
jack.hall@example.com,jack,hall,passwd13,35271 Carey Lane,Oxford,,UK,99989,711-353-1066,EB5066731,10/27/2026,China,12/15/1993,CAR433,9/13/2021 15:06:00,9/18/2021 8:25:00,2/15/2021 3:25:00,9/29/2021 15:29:23,2,Car had low fuel upon pick-up.,193,4559013077272764,Jack Hall,Credit,2023-07-01,234,REN001,Toyota,SUV,Green,12,42,BestRental,Brooklyn,New York,USA,10021
jack.hall@example.com,jack,hall,passwd13,35271 Carey Lane,Oxford,,UK,99989,711-353-1066,EB5066731,10/27/2026,China,12/15/1993,CAR434,11/13/2019 15:06:00,11/18/2019 8:25:00,2/15/2019 3:25:00,7/15/2020 12:25:56,1,Good rental experience overall.,145,4559013077272764,Jack Hall,Credit,2023-07-01,234,REN002,Ford,Coupe,Blue,14,42,USARental,Manhattan,New York,USA,10018
jack.hall@example.com,jack,hall,passwd13,35271 Carey Lane,Oxford,,UK,99989,711-353-1066,EB5066731,10/27/2026,China,12/15/1993,CAR435,6/13/2020 15:06:00,6/18/2020 8:25:00,2/15/2020 3:25:00,9/23/2020 19:20:25,2,Friendly and helpful staff.,196,4559013077272764,Jack Hall,Credit,2023-07-01,234,REN003,Honda,Sedan,Blue,19,65,Expedia,Los Angeles,California,USA,10098
jack.hall@example.com,jack,hall,passwd13,35271 Carey Lane,Oxford,,UK,99989,711-353-1066,EB5066731,10/27/2026,China,12/15/1993,CAR436,8/13/2021 15:06:00,8/18/2021 8:25:00,2/15/2021 3:25:00,08/29/2022 15:32:35,4,Car had some cosmetic damage.,81,4559013077272764,Jack Hall,Credit,2023-07-01,234,REN001,Nissan,Truck,Indigo,17,42,BestRental,Brooklyn,New York,USA,10021
jack.hall@example.com,jack,hall,passwd13,35271 Carey Lane,Oxford,,UK,99989,711-353-1066,EB5066731,10/27/2026,China,12/15/1993,CAR437,07/23/2023 14:00:00,07/26/2023 12:00:00,03/25/2023 15:06:25,,,,168,4559013077272764,Jack Hall,Credit,2023-07-01,234,REN001,Chevrolet,SUV,Crimson,21,116,BestRental,Brooklyn,New York,USA,10021
jack.hall@example.com,jack,hall,passwd13,35271 Carey Lane,Oxford,,UK,99989,711-353-1066,EB5066731,10/27/2026,China,12/15/1993,CAR438,09/19/2023 14:00:00,09/23/2023 14:00:00,02/23/2023 14:00:00,,,,145,4559013077272764,Jack Hall,Credit,2023-07-01,234,REN002,BMW,Coupe,Green,30,119,USARental,Manhattan,New York,USA,10018
lily.harris@example.com,lily,harris,passwd14,4941 Mayer Lane,Oxford,,UK,952321,493-337-4341,SI3057336,2/27/2028,Philippines,8/13/1967,CAR439,4/13/2019 15:06:00,4/18/2019 8:25:00,2/15/2019 3:25:00,5/15/2019 3:25:30,1,Reasonable prices and good customer service.,96,5174259113728745,Lily Harris,Debit,2024-02-01,566,REN002,Ford,Sedan,Blue,24,80,USARental,Manhattan,New York,USA,10018
lily.harris@example.com,lily,harris,passwd14,4941 Mayer Lane,Oxford,,UK,952321,493-337-4341,SI3057336,2/27/2028,Philippines,8/13/1967,CAR440,4/13/2020 15:06:00,4/18/2020 8:25:00,2/15/2020 3:25:00,6/25/2020 14:52:35,5,Good experience overall.,82,5174259113728745,Lily Harris,Debit,2024-02-01,566,REN003,Toyota,Sedan,Green,12,97,Expedia,Los Angeles,California,USA,10098
lily.harris@example.com,lily,harris,passwd14,4941 Mayer Lane,Oxford,,UK,952321,493-337-4341,SI3057336,2/27/2028,Philippines,8/13/1967,CAR441,4/13/2021 15:06:00,4/18/2021 8:25:00,2/15/2021 3:25:00,5/15/2021 3:25:30,1,Easy booking process and friendly staff.,138,5174259113728745,Lily Harris,Debit,2024-02-01,566,REN003,Honda,SUV,Indigo,32,41,Expedia,Los Angeles,California,USA,10098
lily.harris@example.com,lily,harris,passwd14,4941 Mayer Lane,Oxford,,UK,952321,493-337-4341,SI3057336,2/27/2028,Philippines,8/13/1967,CAR442,6/15/2019 15:06:00,6/18/2019 8:25:00,2/15/2019 3:25:00,7/15/2019 15:23:23,4,hassle-free experience,187,5174259113728745,Lily Harris,Debit,2024-02-01,566,REN001,Chevrolet,Truck,Mauv,30,171,BestRental,Brooklyn,New York,USA,10021
lily.harris@example.com,lily,harris,passwd14,4941 Mayer Lane,Oxford,,UK,952321,493-337-4341,SI3057336,2/27/2028,Philippines,8/13/1967,CAR443,7/16/2020 15:06:00,7/18/2020 8:25:00,2/15/2020 3:25:00,8/15/2020 12:23:23,1,loyalty rewards program,152,5174259113728745,Lily Harris,Debit,2024-02-01,566,REN002,Toyota,Sedan,Blue,1.5,50,USARental,Manhattan,New York,USA,10018
lily.harris@example.com,lily,harris,passwd14,4941 Mayer Lane,Oxford,,UK,952321,493-337-4341,SI3057336,2/27/2028,Philippines,8/13/1967,CAR444,9/13/2021 15:06:00,9/18/2021 8:25:00,2/15/2021 3:25:00,9/29/2021 15:29:23,3,quick and efficient check-in,191,5174259113728745,Lily Harris,Debit,2024-02-01,566,REN003,Honda,SUV,Red,2,70,Expedia,Los Angeles,California,USA,10098
lily.harris@example.com,lily,harris,passwd14,4941 Mayer Lane,Oxford,,UK,952321,493-337-4341,SI3057336,2/27/2028,Philippines,8/13/1967,CAR445,11/13/2019 15:06:00,11/18/2019 8:25:00,2/15/2019 3:25:00,7/15/2020 12:25:56,2,complimentary upgrades,89,5174259113728745,Lily Harris,Debit,2024-02-01,566,REN001,Ford,Truck,Black,1.8,80,BestRental,Brooklyn,New York,USA,10021
lily.harris@example.com,lily,harris,passwd14,4941 Mayer Lane,Oxford,,UK,952321,493-337-4341,SI3057336,2/27/2028,Philippines,8/13/1967,CAR446,6/13/2020 15:06:00,6/18/2020 8:25:00,2/15/2020 3:25:00,9/23/2020 19:20:25,5,comfortable and spacious interiors,93,5174259113728745,Lily Harris,Debit,2024-02-01,566,REN002,Chevrolet,Convertible,Yellow,1.2,100,USARental,Manhattan,New York,USA,10018
lily.harris@example.com,lily,harris,passwd14,4941 Mayer Lane,Oxford,,UK,952321,493-337-4341,SI3057336,2/27/2028,Philippines,8/13/1967,CAR447,8/13/2021 15:06:00,8/18/2021 8:25:00,2/15/2021 3:25:00,08/29/2022 15:32:35,1,quick and efficient check-in,164,5174259113728745,Lily Harris,Debit,2024-02-01,566,REN003,Nissan,Sedan,Silver,1.7,60,Expedia,Los Angeles,California,USA,10098
lily.harris@example.com,lily,harris,passwd14,4941 Mayer Lane,Oxford,,UK,952321,493-337-4341,SI3057336,2/27/2028,Philippines,8/13/1967,CAR448,07/23/2023 14:00:00,07/26/2023 12:00:00,03/25/2023 15:06:25,,,,161,5174259113728745,Lily Harris,Debit,2024-02-01,566,REN001,BMW,Coupe,White,1,120,BestRental,Brooklyn,New York,USA,10021
lily.harris@example.com,lily,harris,passwd14,4941 Mayer Lane,Oxford,,UK,952321,493-337-4341,SI3057336,2/27/2028,Philippines,8/13/1967,CAR449,09/19/2023 14:00:00,09/23/2023 14:00:00,02/23/2023 14:00:00,,,,164,5174259113728745,Lily Harris,Debit,2024-02-01,566,REN001,Toyota,Sedan,Gray,1.6,50,BestRental,Brooklyn,New York,USA,10021
ethan.smith@example.com,ethan,smith,passwd15,278 Dahle Avenue,Sanya,Hainan,China,2157809,647-819-6646,ZO7317965,7/25/2027,Poland,3/21/1981,CAR450,4/13/2019 15:06:00,4/18/2019 8:25:00,2/15/2019 3:25:00,5/15/2019 3:25:30,5,affordable rates,191,4556017627064987,Ethan Smith,Credit,2026-08-01,818,REN002,Ford,SUV,White,1.5,80,USARental,Manhattan,New York,USA,10018
ethan.smith@example.com,ethan,smith,passwd15,278 Dahle Avenue,Sanya,Hainan,China,2157809,647-819-6646,ZO7317965,7/25/2027,Poland,3/21/1981,CAR451,4/13/2020 15:06:00,4/18/2020 8:25:00,2/15/2020 3:25:00,6/25/2020 14:52:35,4,comfortable and spacious interiors,85,4556017627064987,Ethan Smith,Credit,2026-08-01,818,REN002,Honda,Sedan,Blue,1.9,60,USARental,Manhattan,New York,USA,10018
ethan.smith@example.com,ethan,smith,passwd15,278 Dahle Avenue,Sanya,Hainan,China,2157809,647-819-6646,ZO7317965,7/25/2027,Poland,3/21/1981,CAR452,4/13/2021 15:06:00,4/18/2021 8:25:00,2/15/2021 3:25:00,5/15/2021 3:25:30,2,transparent pricing,177,4556017627064987,Ethan Smith,Credit,2026-08-01,818,REN003,Nissan,SUV,Black,2.2,70,Expedia,Los Angeles,California,USA,10098
ethan.smith@example.com,ethan,smith,passwd15,278 Dahle Avenue,Sanya,Hainan,China,2157809,647-819-6646,ZO7317965,7/25/2027,Poland,3/21/1981,CAR453,6/15/2019 15:06:00,6/18/2019 8:25:00,2/15/2019 3:25:00,7/15/2019 15:23:23,1,affordable rates,140,4556017627064987,Ethan Smith,Credit,2026-08-01,818,REN003,Chevrolet,Truck,Red,1.3,90,Expedia,Los Angeles,California,USA,10098
ethan.smith@example.com,ethan,smith,passwd15,278 Dahle Avenue,Sanya,Hainan,China,2157809,647-819-6646,ZO7317965,7/25/2027,Poland,3/21/1981,CAR454,7/16/2020 15:06:00,7/18/2020 8:25:00,2/15/2020 3:25:00,8/15/2020 12:23:23,4,24/7 roadside assistance,113,4556017627064987,Ethan Smith,Credit,2026-08-01,818,REN001,BMW,Sedan,Silver,1.2,100,BestRental,Brooklyn,New York,USA,10021
ethan.smith@example.com,ethan,smith,passwd15,278 Dahle Avenue,Sanya,Hainan,China,2157809,647-819-6646,ZO7317965,7/25/2027,Poland,3/21/1981,CAR455,9/13/2021 15:06:00,9/18/2021 8:25:00,2/15/2021 3:25:00,9/29/2021 15:29:23,4,transparent pricing,106,4556017627064987,Ethan Smith,Credit,2026-08-01,818,REN002,Ford,Sedan,Blue,1.4,50,USARental,Manhattan,New York,USA,10018
ethan.smith@example.com,ethan,smith,passwd15,278 Dahle Avenue,Sanya,Hainan,China,2157809,647-819-6646,ZO7317965,7/25/2027,Poland,3/21/1981,CAR456,11/13/2019 15:06:00,11/18/2019 8:25:00,2/15/2019 3:25:00,7/15/2020 12:25:56,4,flexible rental terms,147,4556017627064987,Ethan Smith,Credit,2026-08-01,818,REN003,Toyota,SUV,Silver,2.5,70,Expedia,Los Angeles,California,USA,10098
ethan.smith@example.com,ethan,smith,passwd15,278 Dahle Avenue,Sanya,Hainan,China,2157809,647-819-6646,ZO7317965,7/25/2027,Poland,3/21/1981,CAR457,6/13/2020 15:06:00,6/18/2020 8:25:00,2/15/2020 3:25:00,9/23/2020 19:20:25,3,reliable GPS navigation,140,4556017627064987,Ethan Smith,Credit,2026-08-01,818,REN001,Honda,Coupe,Black,1.8,80,BestRental,Brooklyn,New York,USA,10021
ethan.smith@example.com,ethan,smith,passwd15,278 Dahle Avenue,Sanya,Hainan,China,2157809,647-819-6646,ZO7317965,7/25/2027,Poland,3/21/1981,CAR458,8/13/2021 15:06:00,8/18/2021 8:25:00,2/15/2021 3:25:00,08/29/2022 15:32:35,3,well-equipped cars,137,4556017627064987,Ethan Smith,Credit,2026-08-01,818,REN002,Chevrolet,Sedan,White,1.9,60,USARental,Manhattan,New York,USA,10018
ethan.smith@example.com,ethan,smith,passwd15,278 Dahle Avenue,Sanya,Hainan,China,2157809,647-819-6646,ZO7317965,7/25/2027,Poland,3/21/1981,CAR459,07/23/2023 14:00:00,07/26/2023 12:00:00,03/25/2023 15:06:25,,,,95,4556017627064987,Ethan Smith,Credit,2026-08-01,818,REN003,Nissan,Truck,Gray,2.1,90,Expedia,Los Angeles,California,USA,10098
ethan.smith@example.com,ethan,smith,passwd15,278 Dahle Avenue,Sanya,Hainan,China,2157809,647-819-6646,ZO7317965,7/25/2027,Poland,3/21/1981,CAR460,09/19/2023 14:00:00,09/23/2023 14:00:00,02/23/2023 14:00:00,,,,102,4556017627064987,Ethan Smith,Credit,2026-08-01,818,REN001,BMW,SUV,Red,1.5,110,BestRental,Brooklyn,New York,USA,10021
mia.davis@example.com,mia,davis,passwd16,3 Cordelia Terrace,Suzhou,Jiangsu,China,2142221,854-865-0830,LB4457554,2/9/2027,Portugal,8/17/2003,CAR461,4/13/2019 15:06:00,4/18/2019 8:25:00,2/15/2019 3:25:00,5/15/2019 3:25:30,3,Car had some cosmetic damage.,152,5226827992074055,Mia Davis,Credit,2022-08-01,567,REN001,Ford,Coupe,Yellow,1.1,100,BestRental,Brooklyn,New York,USA,10021
mia.davis@example.com,mia,davis,passwd16,3 Cordelia Terrace,Suzhou,Jiangsu,China,2142221,854-865-0830,LB4457554,2/9/2027,Portugal,8/17/2003,CAR462,4/13/2020 15:06:00,4/18/2020 8:25:00,2/15/2020 3:25:00,6/25/2020 14:52:35,4,Reasonable prices and good customer service.,143,5226827992074055,Mia Davis,Credit,2022-08-01,567,REN002,Toyota,Sedan,Black,2.3,50,USARental,Manhattan,New York,USA,10018
mia.davis@example.com,mia,davis,passwd16,3 Cordelia Terrace,Suzhou,Jiangsu,China,2142221,854-865-0830,LB4457554,2/9/2027,Portugal,8/17/2003,CAR463,4/13/2021 15:06:00,4/18/2021 8:25:00,2/15/2021 3:25:00,5/15/2021 3:25:30,4,Good experience overall.,150,5226827992074055,Mia Davis,Credit,2022-08-01,567,REN002,Mazda,Sedan,Goldenrod,23,135,USARental,Manhattan,New York,USA,10018
mia.davis@example.com,mia,davis,passwd16,3 Cordelia Terrace,Suzhou,Jiangsu,China,2142221,854-865-0830,LB4457554,2/9/2027,Portugal,8/17/2003,CAR464,6/15/2019 15:06:00,6/18/2019 8:25:00,2/15/2019 3:25:00,7/15/2019 15:23:23,3,Easy booking process and friendly staff.,81,5226827992074055,Mia Davis,Credit,2022-08-01,567,REN003,Chevrolet,SUV,Mauv,18,190,Expedia,Los Angeles,California,USA,10098
mia.davis@example.com,mia,davis,passwd16,3 Cordelia Terrace,Suzhou,Jiangsu,China,2142221,854-865-0830,LB4457554,2/9/2027,Portugal,8/17/2003,CAR465,7/16/2020 15:06:00,7/18/2020 8:25:00,2/15/2020 3:25:00,8/15/2020 12:23:23,1,hassle-free experience,181,5226827992074055,Mia Davis,Credit,2022-08-01,567,REN003,BMW,Truck,Blue,17,35,Expedia,Los Angeles,California,USA,10098
mia.davis@example.com,mia,davis,passwd16,3 Cordelia Terrace,Suzhou,Jiangsu,China,2142221,854-865-0830,LB4457554,2/9/2027,Portugal,8/17/2003,CAR466,9/13/2021 15:06:00,9/18/2021 8:25:00,2/15/2021 3:25:00,9/29/2021 15:29:23,1,loyalty rewards program,117,5226827992074055,Mia Davis,Credit,2022-08-01,567,REN001,Mazda,Convertible,Crimson,21,75,BestRental,Brooklyn,New York,USA,10021
mia.davis@example.com,mia,davis,passwd16,3 Cordelia Terrace,Suzhou,Jiangsu,China,2142221,854-865-0830,LB4457554,2/9/2027,Portugal,8/17/2003,CAR467,11/13/2019 15:06:00,11/18/2019 8:25:00,2/15/2019 3:25:00,7/15/2020 12:25:56,4,quick and efficient check-in,84,5226827992074055,Mia Davis,Credit,2022-08-01,567,REN002,Pontiac,Sedan,Turquoise,56,47,USARental,Manhattan,New York,USA,10018
mia.davis@example.com,mia,davis,passwd16,3 Cordelia Terrace,Suzhou,Jiangsu,China,2142221,854-865-0830,LB4457554,2/9/2027,Portugal,8/17/2003,CAR468,6/13/2020 15:06:00,6/18/2020 8:25:00,2/15/2020 3:25:00,9/23/2020 19:20:25,2,complimentary upgrades,156,5226827992074055,Mia Davis,Credit,2022-08-01,567,REN003,Volkswagen,Coupe,Orange,22,58,Expedia,Los Angeles,California,USA,10098
mia.davis@example.com,mia,davis,passwd16,3 Cordelia Terrace,Suzhou,Jiangsu,China,2142221,854-865-0830,LB4457554,2/9/2027,Portugal,8/17/2003,CAR469,8/13/2021 15:06:00,8/18/2021 8:25:00,2/15/2021 3:25:00,08/29/2022 15:32:35,2,comfortable and spacious interiors,85,5226827992074055,Mia Davis,Credit,2022-08-01,567,REN001,Isuzu,Sedan,Blue,20,42,BestRental,Brooklyn,New York,USA,10021
mia.davis@example.com,mia,davis,passwd16,3 Cordelia Terrace,Suzhou,Jiangsu,China,2142221,854-865-0830,LB4457554,2/9/2027,Portugal,8/17/2003,CAR470,07/23/2023 14:00:00,07/26/2023 12:00:00,03/25/2023 15:06:25,,,,128,5226827992074055,Mia Davis,Credit,2022-08-01,567,REN002,Toyota,SUV,Yellow,15,117,USARental,Manhattan,New York,USA,10018
mia.davis@example.com,mia,davis,passwd16,3 Cordelia Terrace,Suzhou,Jiangsu,China,2142221,854-865-0830,LB4457554,2/9/2027,Portugal,8/17/2003,CAR471,09/19/2023 14:00:00,09/23/2023 14:00:00,02/23/2023 14:00:00,,,,133,5226827992074055,Mia Davis,Credit,2022-08-01,567,REN003,Honda,Sedan,Violet,21,102,Expedia,Los Angeles,California,USA,10098
noah.thompson@example.com,noah,thompson,passwd17,0 Comanche Place,Giado,,Libya,98021,532-668-0705,IY2233420,7/2/2028,United Kingdom,2/6/2011,CAR472,4/13/2019 15:06:00,4/18/2019 8:25:00,2/15/2019 3:25:00,5/15/2019 3:25:30,3,quick and efficient check-in,96,4716891427458029,Noah Thompson,Debit,2023-07-01,233,REN001,Ford,SUV,Pink,25,49,BestRental,Brooklyn,New York,USA,10021
noah.thompson@example.com,noah,thompson,passwd17,0 Comanche Place,Giado,,Libya,98021,532-668-0705,IY2233420,7/2/2028,United Kingdom,2/6/2011,CAR473,4/13/2020 15:06:00,4/18/2020 8:25:00,2/15/2020 3:25:00,6/25/2020 14:52:35,5,affordable rates,158,4716891427458029,Noah Thompson,Debit,2023-07-01,233,REN001,Chevrolet,Truck,Goldenrod,19,75,BestRental,Brooklyn,New York,USA,10021
noah.thompson@example.com,noah,thompson,passwd17,0 Comanche Place,Giado,,Libya,98021,532-668-0705,IY2233420,7/2/2028,United Kingdom,2/6/2011,CAR474,4/13/2021 15:06:00,4/18/2021 8:25:00,2/15/2021 3:25:00,5/15/2021 3:25:30,2,comfortable and spacious interiors,112,4716891427458029,Noah Thompson,Debit,2023-07-01,233,REN002,Nissan,Sedan,Blue,21,35,USARental,Manhattan,New York,USA,10018
noah.thompson@example.com,noah,thompson,passwd17,0 Comanche Place,Giado,,Libya,98021,532-668-0705,IY2233420,7/2/2028,United Kingdom,2/6/2011,CAR475,6/15/2019 15:06:00,6/18/2019 8:25:00,2/15/2019 3:25:00,7/15/2019 15:23:23,1,transparent pricing,84,4716891427458029,Noah Thompson,Debit,2023-07-01,233,REN002,BMW,Sedan,Mauv,31,88,USARental,Manhattan,New York,USA,10018
noah.thompson@example.com,noah,thompson,passwd17,0 Comanche Place,Giado,,Libya,98021,532-668-0705,IY2233420,7/2/2028,United Kingdom,2/6/2011,CAR476,7/16/2020 15:06:00,7/18/2020 8:25:00,2/15/2020 3:25:00,8/15/2020 12:23:23,4,affordable rates,94,4716891427458029,Noah Thompson,Debit,2023-07-01,233,REN003,Toyota,SUV,Green,12,42,Expedia,Los Angeles,California,USA,10098
noah.thompson@example.com,noah,thompson,passwd17,0 Comanche Place,Giado,,Libya,98021,532-668-0705,IY2233420,7/2/2028,United Kingdom,2/6/2011,CAR477,9/13/2021 15:06:00,9/18/2021 8:25:00,2/15/2021 3:25:00,9/29/2021 15:29:23,4,24/7 roadside assistance,118,4716891427458029,Noah Thompson,Debit,2023-07-01,233,REN003,Ford,Coupe,Blue,14,42,Expedia,Los Angeles,California,USA,10098
noah.thompson@example.com,noah,thompson,passwd17,0 Comanche Place,Giado,,Libya,98021,532-668-0705,IY2233420,7/2/2028,United Kingdom,2/6/2011,CAR478,11/13/2019 15:06:00,11/18/2019 8:25:00,2/15/2019 3:25:00,7/15/2020 12:25:56,4,transparent pricing,197,4716891427458029,Noah Thompson,Debit,2023-07-01,233,REN001,Honda,Sedan,Blue,19,65,BestRental,Brooklyn,New York,USA,10021
noah.thompson@example.com,noah,thompson,passwd17,0 Comanche Place,Giado,,Libya,98021,532-668-0705,IY2233420,7/2/2028,United Kingdom,2/6/2011,CAR479,6/13/2020 15:06:00,6/18/2020 8:25:00,2/15/2020 3:25:00,9/23/2020 19:20:25,1,flexible rental terms,161,4716891427458029,Noah Thompson,Debit,2023-07-01,233,REN002,Nissan,Truck,Indigo,17,42,USARental,Manhattan,New York,USA,10018
noah.thompson@example.com,noah,thompson,passwd17,0 Comanche Place,Giado,,Libya,98021,532-668-0705,IY2233420,7/2/2028,United Kingdom,2/6/2011,CAR480,8/13/2021 15:06:00,8/18/2021 8:25:00,2/15/2021 3:25:00,08/29/2022 15:32:35,3,reliable GPS navigation,95,4716891427458029,Noah Thompson,Debit,2023-07-01,233,REN003,Chevrolet,SUV,Crimson,21,116,Expedia,Los Angeles,California,USA,10098
noah.thompson@example.com,noah,thompson,passwd17,0 Comanche Place,Giado,,Libya,98021,532-668-0705,IY2233420,7/2/2028,United Kingdom,2/6/2011,CAR481,07/23/2023 14:00:00,07/26/2023 12:00:00,03/25/2023 15:06:25,,,,174,4716891427458029,Noah Thompson,Debit,2023-07-01,233,REN001,BMW,Coupe,Green,30,119,BestRental,Brooklyn,New York,USA,10021
noah.thompson@example.com,noah,thompson,passwd17,0 Comanche Place,Giado,,Libya,98021,532-668-0705,IY2233420,7/2/2028,United Kingdom,2/6/2011,CAR482,09/19/2023 14:00:00,09/23/2023 14:00:00,02/23/2023 14:00:00,,,,172,4716891427458029,Noah Thompson,Debit,2023-07-01,233,REN002,Ford,Sedan,Blue,24,80,USARental,Manhattan,New York,USA,10018
ella.hill@example.com,ella,hill,passwd18,4 Raven Road,Baisha,,China,232123,271-864-7965,KG2576432,8/7/2028,Indonesia,6/6/1953,CAR483,4/13/2019 15:06:00,4/18/2019 8:25:00,2/15/2019 3:25:00,5/15/2019 3:25:30,4,well-equipped cars,109,5190512007151235,Ella Hill,Credit,2024-02-01,122,REN003,Toyota,Sedan,Green,12,97,Expedia,Los Angeles,California,USA,10098
ella.hill@example.com,ella,hill,passwd18,4 Raven Road,Baisha,,China,232123,271-864-7965,KG2576432,8/7/2028,Indonesia,6/6/1953,CAR484,4/13/2020 15:06:00,4/18/2020 8:25:00,2/15/2020 3:25:00,6/25/2020 14:52:35,1,reliable GPS navigation,130,5190512007151235,Ella Hill,Credit,2024-02-01,122,REN001,Honda,SUV,Indigo,32,41,BestRental,Brooklyn,New York,USA,10021
ella.hill@example.com,ella,hill,passwd18,4 Raven Road,Baisha,,China,232123,271-864-7965,KG2576432,8/7/2028,Indonesia,6/6/1953,CAR485,4/13/2021 15:06:00,4/18/2021 8:25:00,2/15/2021 3:25:00,5/15/2021 3:25:30,3,well-equipped cars,154,5190512007151235,Ella Hill,Credit,2024-02-01,122,REN001,Chevrolet,Truck,Mauv,30,171,BestRental,Brooklyn,New York,USA,10021
ella.hill@example.com,ella,hill,passwd18,4 Raven Road,Baisha,,China,232123,271-864-7965,KG2576432,8/7/2028,Indonesia,6/6/1953,CAR486,6/15/2019 15:06:00,6/18/2019 8:25:00,2/15/2019 3:25:00,7/15/2019 15:23:23,5,clean and well-maintained vehicles,186,5190512007151235,Ella Hill,Credit,2024-02-01,122,REN002,Toyota,Sedan,Blue,1.5,50,USARental,Manhattan,New York,USA,10018
ella.hill@example.com,ella,hill,passwd18,4 Raven Road,Baisha,,China,232123,271-864-7965,KG2576432,8/7/2028,Indonesia,6/6/1953,CAR487,7/16/2020 15:06:00,7/18/2020 8:25:00,2/15/2020 3:25:00,8/15/2020 12:23:23,1,affordable rates,89,5190512007151235,Ella Hill,Credit,2024-02-01,122,REN002,Honda,SUV,Red,2,70,USARental,Manhattan,New York,USA,10018
ella.hill@example.com,ella,hill,passwd18,4 Raven Road,Baisha,,China,232123,271-864-7965,KG2576432,8/7/2028,Indonesia,6/6/1953,CAR488,9/13/2021 15:06:00,9/18/2021 8:25:00,2/15/2021 3:25:00,9/29/2021 15:29:23,3,user-friendly website,92,5190512007151235,Ella Hill,Credit,2024-02-01,122,REN003,Ford,Truck,Black,1.8,80,Expedia,Los Angeles,California,USA,10098
ella.hill@example.com,ella,hill,passwd18,4 Raven Road,Baisha,,China,232123,271-864-7965,KG2576432,8/7/2028,Indonesia,6/6/1953,CAR489,11/13/2019 15:06:00,11/18/2019 8:25:00,2/15/2019 3:25:00,7/15/2020 12:25:56,4,quick and efficient check-in,136,5190512007151235,Ella Hill,Credit,2024-02-01,122,REN003,Chevrolet,Convertible,Yellow,1.2,100,Expedia,Los Angeles,California,USA,10098
ella.hill@example.com,ella,hill,passwd18,4 Raven Road,Baisha,,China,232123,271-864-7965,KG2576432,8/7/2028,Indonesia,6/6/1953,CAR490,6/13/2020 15:06:00,6/18/2020 8:25:00,2/15/2020 3:25:00,9/23/2020 19:20:25,1,transparent pricing,196,5190512007151235,Ella Hill,Credit,2024-02-01,122,REN001,Nissan,Sedan,Silver,1.7,60,BestRental,Brooklyn,New York,USA,10021
ella.hill@example.com,ella,hill,passwd18,4 Raven Road,Baisha,,China,232123,271-864-7965,KG2576432,8/7/2028,Indonesia,6/6/1953,CAR491,8/13/2021 15:06:00,8/18/2021 8:25:00,2/15/2021 3:25:00,08/29/2022 15:32:35,3,comfortable and spacious interiors,86,5190512007151235,Ella Hill,Credit,2024-02-01,122,REN002,BMW,Coupe,White,1,120,USARental,Manhattan,New York,USA,10018
ella.hill@example.com,ella,hill,passwd18,4 Raven Road,Baisha,,China,232123,271-864-7965,KG2576432,8/7/2028,Indonesia,6/6/1953,CAR492,07/23/2023 14:00:00,07/26/2023 12:00:00,03/25/2023 15:06:25,,,,110,5190512007151235,Ella Hill,Credit,2024-02-01,122,REN003,Toyota,Sedan,Gray,1.6,50,Expedia,Los Angeles,California,USA,10098
ella.hill@example.com,ella,hill,passwd18,4 Raven Road,Baisha,,China,232123,271-864-7965,KG2576432,8/7/2028,Indonesia,6/6/1953,CAR493,09/19/2023 14:00:00,09/23/2023 14:00:00,02/23/2023 14:00:00,,,,106,5190512007151235,Ella Hill,Credit,2024-02-01,122,REN001,Ford,SUV,White,1.5,80,BestRental,Brooklyn,New York,USA,10021
liam.baker@example.com,liam,baker,passwd19,2 Talisman Terrace,Aurora,,Philippines,235232,545-871-6609,NE7770186,6/5/2026,Philippines,2/13/1952,CAR494,4/13/2019 15:06:00,4/18/2019 8:25:00,2/15/2019 3:25:00,5/15/2019 3:25:30,3,wide selection of car models,108,5132854792191788,Liam Baker,Debit,2026-08-01,988,REN002,Honda,Sedan,Blue,1.9,60,USARental,Manhattan,New York,USA,10018
liam.baker@example.com,liam,baker,passwd19,2 Talisman Terrace,Aurora,,Philippines,235232,545-871-6609,NE7770186,6/5/2026,Philippines,2/13/1952,CAR495,4/13/2020 15:06:00,4/18/2020 8:25:00,2/15/2020 3:25:00,6/25/2020 14:52:35,3,complimentary upgrades,134,5132854792191788,Liam Baker,Debit,2026-08-01,988,REN003,Nissan,SUV,Black,2.2,70,Expedia,Los Angeles,California,USA,10098
liam.baker@example.com,liam,baker,passwd19,2 Talisman Terrace,Aurora,,Philippines,235232,545-871-6609,NE7770186,6/5/2026,Philippines,2/13/1952,CAR496,4/13/2021 15:06:00,4/18/2021 8:25:00,2/15/2021 3:25:00,5/15/2021 3:25:30,4,user-friendly website,196,5132854792191788,Liam Baker,Debit,2026-08-01,988,REN001,Chevrolet,Truck,Red,1.3,90,BestRental,Brooklyn,New York,USA,10021
liam.baker@example.com,liam,baker,passwd19,2 Talisman Terrace,Aurora,,Philippines,235232,545-871-6609,NE7770186,6/5/2026,Philippines,2/13/1952,CAR497,6/15/2019 15:06:00,6/18/2019 8:25:00,2/15/2019 3:25:00,7/15/2019 15:23:23,2,quick and efficient check-in,131,5132854792191788,Liam Baker,Debit,2026-08-01,988,REN001,BMW,Sedan,Silver,1.2,100,BestRental,Brooklyn,New York,USA,10021
liam.baker@example.com,liam,baker,passwd19,2 Talisman Terrace,Aurora,,Philippines,235232,545-871-6609,NE7770186,6/5/2026,Philippines,2/13/1952,CAR498,7/16/2020 15:06:00,7/18/2020 8:25:00,2/15/2020 3:25:00,8/15/2020 12:23:23,3,excellent fuel efficiency,161,5132854792191788,Liam Baker,Debit,2026-08-01,988,REN002,Ford,Sedan,Blue,1.4,50,USARental,Manhattan,New York,USA,10018
liam.baker@example.com,liam,baker,passwd19,2 Talisman Terrace,Aurora,,Philippines,235232,545-871-6609,NE7770186,6/5/2026,Philippines,2/13/1952,CAR499,9/13/2021 15:06:00,9/18/2021 8:25:00,2/15/2021 3:25:00,9/29/2021 15:29:23,5,complimentary upgrades,193,5132854792191788,Liam Baker,Debit,2026-08-01,988,REN002,Toyota,SUV,Silver,2.5,70,USARental,Manhattan,New York,USA,10018
liam.baker@example.com,liam,baker,passwd19,2 Talisman Terrace,Aurora,,Philippines,235232,545-871-6609,NE7770186,6/5/2026,Philippines,2/13/1952,CAR500,11/13/2019 15:06:00,11/18/2019 8:25:00,2/15/2019 3:25:00,7/15/2020 12:25:56,5,well-equipped cars,134,5132854792191788,Liam Baker,Debit,2026-08-01,988,REN001,Honda,Coupe,Black,1.8,80,BestRental,Brooklyn,New York,USA,10021
liam.baker@example.com,liam,baker,passwd19,2 Talisman Terrace,Aurora,,Philippines,235232,545-871-6609,NE7770186,6/5/2026,Philippines,2/13/1952,CAR501,6/13/2020 15:06:00,6/18/2020 8:25:00,2/15/2020 3:25:00,9/23/2020 19:20:25,5,excellent fuel efficiency,185,5132854792191788,Liam Baker,Debit,2026-08-01,988,REN001,Chevrolet,Sedan,White,1.9,60,BestRental,Brooklyn,New York,USA,10021
liam.baker@example.com,liam,baker,passwd19,2 Talisman Terrace,Aurora,,Philippines,235232,545-871-6609,NE7770186,6/5/2026,Philippines,2/13/1952,CAR502,8/13/2021 15:06:00,8/18/2021 8:25:00,2/15/2021 3:25:00,08/29/2022 15:32:35,5,quick and efficient check-in,158,5132854792191788,Liam Baker,Debit,2026-08-01,988,REN002,Nissan,Truck,Gray,2.1,90,USARental,Manhattan,New York,USA,10018
liam.baker@example.com,liam,baker,passwd19,2 Talisman Terrace,Aurora,,Philippines,235232,545-871-6609,NE7770186,6/5/2026,Philippines,2/13/1952,CAR503,07/23/2023 14:00:00,07/26/2023 12:00:00,03/25/2023 15:06:25,,,,133,5132854792191788,Liam Baker,Debit,2026-08-01,988,REN002,BMW,SUV,Red,1.5,110,USARental,Manhattan,New York,USA,10018
liam.baker@example.com,liam,baker,passwd19,2 Talisman Terrace,Aurora,,Philippines,235232,545-871-6609,NE7770186,6/5/2026,Philippines,2/13/1952,CAR504,09/19/2023 14:00:00,09/23/2023 14:00:00,02/23/2023 14:00:00,,,,175,5132854792191788,Liam Baker,Debit,2026-08-01,988,REN003,Ford,Coupe,Yellow,1.1,100,Expedia,Los Angeles,California,USA,10098
sophia.gonzalez@example.com,sophia,gonzalez,passwd20,4663 Claremont Road,Liushi,,China,976221,840-376-7669,EN3226281,2/14/2029,Russia,2/28/1960,CAR505,4/13/2019 15:06:00,4/18/2019 8:25:00,2/15/2019 3:25:00,5/15/2019 3:25:30,1,Great customer service,179,4539431108087335,Sophia Gonzalez,Debit,2027-08-19,109,REN003,Toyota,Sedan,Black,2.3,50,Expedia,Los Angeles,California,USA,10098
sophia.gonzalez@example.com,sophia,gonzalez,passwd20,4663 Claremont Road,Liushi,,China,976221,840-376-7669,EN3226281,2/14/2029,Russia,2/28/1960,CAR506,4/13/2020 15:06:00,4/18/2020 8:25:00,2/15/2020 3:25:00,6/25/2020 14:52:35,5,convenient pickup and drop-off locations,171,4539431108087335,Sophia Gonzalez,Debit,2027-08-19,109,REN001,Mazda,Sedan,Goldenrod,23,135,BestRental,Brooklyn,New York,USA,10021
sophia.gonzalez@example.com,sophia,gonzalez,passwd20,4663 Claremont Road,Liushi,,China,976221,840-376-7669,EN3226281,2/14/2029,Russia,2/28/1960,CAR507,4/13/2021 15:06:00,4/18/2021 8:25:00,2/15/2021 3:25:00,5/15/2021 3:25:30,1,wide selection of car models,171,4539431108087335,Sophia Gonzalez,Debit,2027-08-19,109,REN002,Chevrolet,SUV,Mauv,18,190,USARental,Manhattan,New York,USA,10018
sophia.gonzalez@example.com,sophia,gonzalez,passwd20,4663 Claremont Road,Liushi,,China,976221,840-376-7669,EN3226281,2/14/2029,Russia,2/28/1960,CAR508,6/15/2019 15:06:00,6/18/2019 8:25:00,2/15/2019 3:25:00,7/15/2019 15:23:23,2,strong safety measures.,106,4539431108087335,Sophia Gonzalez,Debit,2027-08-19,109,REN003,BMW,Truck,Blue,17,35,Expedia,Los Angeles,California,USA,10098
sophia.gonzalez@example.com,sophia,gonzalez,passwd20,4663 Claremont Road,Liushi,,China,976221,840-376-7669,EN3226281,2/14/2029,Russia,2/28/1960,CAR509,7/16/2020 15:06:00,7/18/2020 8:25:00,2/15/2020 3:25:00,8/15/2020 12:23:23,4,hassle-free experience,96,4539431108087335,Sophia Gonzalez,Debit,2027-08-19,109,REN001,Mazda,Convertible,Crimson,21,75,BestRental,Brooklyn,New York,USA,10021
sophia.gonzalez@example.com,sophia,gonzalez,passwd20,4663 Claremont Road,Liushi,,China,976221,840-376-7669,EN3226281,2/14/2029,Russia,2/28/1960,CAR510,9/13/2021 15:06:00,9/18/2021 8:25:00,2/15/2021 3:25:00,9/29/2021 15:29:23,2,Clean and well-maintained car.,96,4539431108087335,Sophia Gonzalez,Debit,2027-08-19,109,REN002,Pontiac,Sedan,Turquoise,56,47,USARental,Manhattan,New York,USA,10018
sophia.gonzalez@example.com,sophia,gonzalez,passwd20,4663 Claremont Road,Liushi,,China,976221,840-376-7669,EN3226281,2/14/2029,Russia,2/28/1960,CAR511,11/13/2019 15:06:00,11/18/2019 8:25:00,2/15/2019 3:25:00,7/15/2020 12:25:56,1,Long wait time for pick-up.,182,4539431108087335,Sophia Gonzalez,Debit,2027-08-19,109,REN003,Volkswagen,Coupe,Orange,22,58,Expedia,Los Angeles,California,USA,10098
sophia.gonzalez@example.com,sophia,gonzalez,passwd20,4663 Claremont Road,Liushi,,China,976221,840-376-7669,EN3226281,2/14/2029,Russia,2/28/1960,CAR512,6/13/2020 15:06:00,6/18/2020 8:25:00,2/15/2020 3:25:00,9/23/2020 19:20:25,1,Excellent service and car quality.,200,4539431108087335,Sophia Gonzalez,Debit,2027-08-19,109,REN001,Isuzu,Sedan,Blue,20,42,BestRental,Brooklyn,New York,USA,10021
sophia.gonzalez@example.com,sophia,gonzalez,passwd20,4663 Claremont Road,Liushi,,China,976221,840-376-7669,EN3226281,2/14/2029,Russia,2/28/1960,CAR513,8/13/2021 15:06:00,8/18/2021 8:25:00,2/15/2021 3:25:00,08/29/2022 15:32:35,2,Car smelled strongly of cigarette smoke.,140,4539431108087335,Sophia Gonzalez,Debit,2027-08-19,109,REN001,Toyota,SUV,Yellow,15,117,BestRental,Brooklyn,New York,USA,10021
sophia.gonzalez@example.com,sophia,gonzalez,passwd20,4663 Claremont Road,Liushi,,China,976221,840-376-7669,EN3226281,2/14/2029,Russia,2/28/1960,CAR514,07/23/2023 14:00:00,07/26/2023 12:00:00,03/25/2023 15:06:25,,,,128,4539431108087335,Sophia Gonzalez,Debit,2027-08-19,109,REN002,Honda,Sedan,Violet,21,102,USARental,Manhattan,New York,USA,10018
sophia.gonzalez@example.com,sophia,gonzalez,passwd20,4663 Claremont Road,Liushi,,China,976221,840-376-7669,EN3226281,2/14/2029,Russia,2/28/1960,CAR515,09/19/2023 14:00:00,09/23/2023 14:00:00,02/23/2023 14:00:00,,,,178,4539431108087335,Sophia Gonzalez,Debit,2027-08-19,109,REN002,Ford,SUV,Pink,25,49,USARental,Manhattan,New York,USA,10018